purchase_id,product_id,purchase_date,quantity,weight,metal_rate,metal_cost,making_cost,total_cost
1,1,2026-04-26T10:00:00,1,4.1528,7134.86,29629.65,2939.76,32569.41
2,1,2026-03-28T10:00:00,1,4.1528,7204.31,29918.06,3151.79,33069.85
3,1,2026-10-17T10:00:00,1,4.1528,7216.85,29970.13,3118.46,33088.59
4,2,2026-10-09T10:00:00,1,5.3919,6673.97,35985.38,2163.75,38149.13
5,2,2026-10-21T10:00:00,1,5.3919,6662.4,35922.99,1907.14,37830.13
6,2,2026-10-06T10:00:00,1,5.3919,6660.9,35914.91,2365.93,38280.84
7,2,2026-07-07T10:00:00,1,5.3919,6600.59,35589.72,2183.96,37773.68
8,3,2026-08-14T10:00:00,1,15.4507,7156.01,110565.36,9399.33,119964.69
9,4,2026-02-22T10:00:00,1,11.895,7190.61,85532.31,127.37,85659.68
10,4,2026-12-01T10:00:00,1,11.895,7278.58,86578.71,127.92,86706.63
11,4,2026-06-02T10:00:00,1,11.895,7047.39,83828.7,132.33,83961.03
12,4,2026-01-17T10:00:00,1,11.895,7203.91,85690.51,117.16,85807.67
13,5,2026-02-14T10:00:00,1,4.2729,7186.45,30706.98,2936.36,33643.34
14,5,2026-03-02T10:00:00,1,4.2729,7205.26,30787.36,3238.36,34025.72
15,5,2026-05-02T10:00:00,1,4.2729,7096.64,30323.23,2730.7,33053.93
16,6,2026-11-09T10:00:00,1,11.7587,7164.08,84240.27,3912.66,88152.93
17,6,2026-03-26T10:00:00,1,11.7587,7195.77,84612.9,3893.9,88506.8
18,6,2026-04-16T10:00:00,1,11.7587,7147.42,84044.37,4116.71,88161.08
19,7,2026-10-19T10:00:00,1,13.6765,7209.55,98601.41,4180.61,102782.02
20,8,2026-11-02T10:00:00,1,4.5632,7191.58,32816.62,3231.39,36048.01
21,8,2026-06-15T10:00:00,1,4.5632,7059.0,32211.63,3653.25,35864.88
22,8,2026-05-30T10:00:00,1,4.5632,7094.32,32372.8,2992.36,35365.16
23,9,2026-09-21T10:00:00,1,3.5458,7206.29,25552.06,2843.56,28395.62
24,9,2026-02-18T10:00:00,1,3.5458,7199.51,25528.02,2210.71,27738.73
25,9,2026-07-30T10:00:00,1,3.5458,7145.53,25336.62,2793.88,28130.5
26,10,2026-03-06T10:00:00,1,7.7867,6641.26,51713.5,3302.89,55016.39
27,10,2026-03-09T10:00:00,1,7.7867,6649.89,51780.7,2880.78,54661.48
28,10,2026-06-14T10:00:00,1,7.7867,6522.53,50788.98,3421.61,54210.59
29,11,2026-09-08T10:00:00,1,22.9405,6678.33,153204.23,8600.71,161804.94
30,11,2026-11-20T10:00:00,1,22.9405,6621.52,151900.98,8966.49,160867.47
31,11,2026-08-01T10:00:00,1,22.9405,6578.54,150915.0,9274.2,160189.2
32,11,2026-02-08T10:00:00,1,22.9405,6655.15,152672.47,10021.26,162693.73
33,12,2026-07-26T10:00:00,1,28.8297,6613.61,190668.39,11006.6,201674.99
34,13,2026-07-08T10:00:00,1,24.6984,6600.07,163011.17,8526.95,171538.12
35,13,2026-09-07T10:00:00,1,24.6984,6664.68,164606.93,8196.54,172803.47
36,13,2026-01-02T10:00:00,1,24.6984,6659.52,164479.49,9601.14,174080.63
37,14,2026-08-23T10:00:00,1,37.31,6593.79,246014.3,16304.09,262318.39
38,15,2026-02-02T10:00:00,1,47.6096,91.29,4346.28,518.33,4864.61
39,15,2026-07-23T10:00:00,1,47.6096,83.85,3992.06,435.79,4427.85
40,15,2026-08-08T10:00:00,1,47.6096,84.01,3999.68,522.49,4522.17
41,16,2025-09-07T10:00:00,1,29.0815,6600.0,191937.9,11565.16,203503.06
42,16,2026-05-26T10:00:00,1,29.0815,6585.82,191525.52,11619.72,203145.24
43,16,2026-10-23T10:00:00,1,29.0815,6658.66,193643.82,10860.63,204504.45
44,16,2026-09-06T10:00:00,1,29.0815,6683.11,194354.86,13270.65,207625.51
45,17,2025-07-12T10:00:00,1,4.1795,7200.0,30092.4,2574.2,32666.6
46,18,2026-01-09T10:00:00,1,66.0832,92.25,6096.18,703.6,6799.78
47,18,2026-03-22T10:00:00,1,66.0832,92.27,6097.5,779.03,6876.53
48,18,2026-01-01T10:00:00,1,66.0832,92.32,6100.8,910.01,7010.81
49,18,2026-08-08T10:00:00,1,66.0832,84.01,5551.65,722.18,6273.83
50,19,2026-11-29T10:00:00,1,12.8924,6628.25,85454.05,4244.12,89698.17
51,19,2026-05-21T10:00:00,1,12.8924,6574.58,84762.12,3961.84,88723.96
52,20,2026-05-09T10:00:00,1,10.7348,7084.77,76053.59,3004.8,79058.39
53,20,2026-11-29T10:00:00,1,10.7348,7167.3,76939.53,3090.45,80029.98
54,20,2026-07-22T10:00:00,1,10.7348,7145.68,76707.45,3564.58,80272.03
55,21,2026-08-08T10:00:00,1,5.716,6643.19,37972.47,2393.05,40365.52
56,21,2026-02-18T10:00:00,1,5.716,6666.05,38103.14,1944.19,40047.33
57,22,2026-02-09T10:00:00,1,13.9576,7188.38,100332.53,3974.28,104306.81
58,22,2026-04-26T10:00:00,1,13.9576,7134.86,99585.52,4492.49,104078.01
59,22,2026-08-16T10:00:00,1,13.9576,7153.67,99848.06,3808.91,103656.97
60,22,2026-06-25T10:00:00,1,13.9576,7062.5,98575.55,4891.34,103466.89
61,23,2026-03-09T10:00:00,1,26.3325,6649.89,175108.23,10985.66,186093.89
62,23,2026-04-28T10:00:00,1,26.3325,6568.63,172968.45,10671.69,183640.14
63,23,2026-02-22T10:00:00,1,26.3325,6632.4,174647.67,9743.11,184390.78
64,23,2026-07-08T10:00:00,1,26.3325,6600.07,173796.34,12323.73,186120.07
65,24,2026-07-15T10:00:00,1,6.8653,6569.55,45101.93,2971.41,48073.34
66,24,2026-03-10T10:00:00,1,6.8653,6683.46,45883.96,2862.76,48746.72
67,25,2026-02-05T10:00:00,1,12.8433,7196.5,92426.81,7776.51,100203.32
68,25,2026-01-05T10:00:00,1,12.8433,7186.36,92296.58,7961.02,100257.6
69,26,2026-08-14T10:00:00,1,42.9332,6624.83,284425.15,17226.93,301652.08
70,26,2026-04-20T10:00:00,1,42.9332,6602.7,283475.04,18724.8,302199.84
71,27,2026-07-30T10:00:00,1,5.6731,6586.38,37365.19,2641.79,40006.98
72,27,2026-08-15T10:00:00,1,5.6731,6635.36,37643.06,2828.58,40471.64
73,28,2026-02-21T10:00:00,1,12.4734,7190.45,89689.36,3560.42,93249.78
74,29,2026-10-29T10:00:00,1,13.1621,7221.49,95049.97,8442.19,103492.16
75,30,2026-08-08T10:00:00,1,7.7113,7160.39,55215.92,2330.3,57546.22
76,30,2026-03-13T10:00:00,1,7.7113,7214.37,55632.17,2280.91,57913.08
77,30,2026-11-27T10:00:00,1,7.7113,7182.71,55388.03,2159.84,57547.87
78,31,2026-01-14T10:00:00,1,19.1019,7202.23,137576.28,12657.31,150233.59
79,31,2026-06-04T10:00:00,1,19.1019,7052.59,134717.87,10448.36,145166.23
80,31,2026-11-07T10:00:00,1,19.1019,7184.48,137237.22,11493.88,148731.1
81,32,2026-06-01T10:00:00,1,9.8569,6519.4,64261.07,3601.2,67862.27
82,32,2026-05-03T10:00:00,1,9.8569,6529.52,64360.83,3444.62,67805.45
83,32,2026-02-27T10:00:00,1,9.8569,6676.41,65808.71,3181.94,68990.65
84,32,2026-11-23T10:00:00,1,9.8569,6664.5,65691.31,3547.13,69238.44
85,33,2026-07-04T10:00:00,1,20.5951,6625.16,136445.83,8146.64,144592.47
86,34,2026-07-18T10:00:00,1,12.0678,6614.31,79820.17,4680.92,84501.09
87,34,2026-10-19T10:00:00,1,12.0678,6651.26,80266.08,4123.45,84389.53
88,35,2026-08-30T10:00:00,1,10.6628,7138.4,76115.33,7269.91,83385.24
89,35,2026-02-07T10:00:00,1,10.6628,7189.13,76656.26,5470.06,82126.32
90,36,2026-01-08T10:00:00,1,3.5236,7205.71,25390.04,2290.55,27680.59
91,37,2026-01-31T10:00:00,1,3.501,6651.07,23285.4,1588.9,24874.3
92,38,2026-09-17T10:00:00,1,9.9544,7226.94,71939.85,93.17,72033.02
93,38,2026-09-14T10:00:00,1,9.9544,7209.89,71770.13,107.52,71877.65
94,38,2026-08-05T10:00:00,1,9.9544,7164.22,71315.51,105.57,71421.08
95,38,2026-02-12T10:00:00,1,9.9544,7209.28,71764.06,103.74,71867.8
96,39,2026-05-23T10:00:00,1,38.8962,92.34,3591.68,340.37,3932.05
97,39,2026-02-10T10:00:00,1,38.8962,91.29,3550.83,390.28,3941.11
98,40,2026-03-21T10:00:00,1,47.2477,92.53,4371.83,477.64,4849.47
99,40,2026-07-20T10:00:00,1,47.2477,83.99,3968.33,484.73,4453.06
100,41,2026-06-08T10:00:00,1,3.6873,6553.87,24166.08,1562.83,25728.91
101,42,2026-01-30T10:00:00,1,5.2378,7200.27,37713.57,3385.4,41098.97
102,42,2026-08-11T10:00:00,1,5.2378,7154.68,37474.78,3244.07,40718.85
103,43,2025-09-18T10:00:00,1,16.3176,92.4,1507.75,85.65,1593.4
104,44,2026-03-03T10:00:00,1,4.73,6640.26,31408.43,1817.31,33225.74
105,44,2026-03-12T10:00:00,1,4.73,6699.26,31687.5,2257.17,33944.67
106,45,2026-09-12T10:00:00,1,16.0869,6649.92,106976.6,6395.62,113372.22
107,45,2026-09-25T10:00:00,1,16.0869,6670.22,107303.16,5659.51,112962.67
108,46,2026-03-27T10:00:00,1,3.1675,7220.56,22871.12,1979.73,24850.85
109,46,2026-05-18T10:00:00,1,3.1675,7078.3,22420.52,2202.75,24623.27
110,46,2026-03-02T10:00:00,1,3.1675,7205.26,22822.66,2226.53,25049.19
111,47,2026-06-21T10:00:00,1,4.4362,6536.92,28999.08,1937.97,30937.05
112,48,2026-09-26T10:00:00,1,12.8521,6672.61,85757.05,3909.69,89666.74
113,48,2026-10-23T10:00:00,1,12.8521,6658.66,85577.76,4670.34,90248.1
114,48,2026-09-12T10:00:00,1,12.8521,6649.92,85465.44,4437.78,89903.22
115,49,2026-01-29T10:00:00,1,22.3665,92.58,2070.69,223.64,2294.33
116,49,2026-10-18T10:00:00,1,22.3665,84.49,1889.75,201.31,2091.06
117,49,2026-03-22T10:00:00,1,22.3665,92.27,2063.76,207.23,2270.99
118,50,2026-10-21T10:00:00,1,12.6872,7204.15,91400.49,4271.98,95672.47
119,51,2026-04-27T10:00:00,1,62.6149,91.75,5744.92,805.65,6550.57
120,52,2026-01-23T10:00:00,1,8.4833,7192.2,61013.59,93.96,61107.55
121,53,2026-05-06T10:00:00,1,39.5475,92.35,3652.21,170.8,3823.01
122,54,2026-07-16T10:00:00,1,23.9682,7128.06,170846.77,16193.89,187040.66
123,54,2026-04-02T10:00:00,1,23.9682,7136.82,171056.73,16241.06,187297.79
124,54,2026-01-19T10:00:00,1,23.9682,7204.26,172673.14,14608.99,187282.13
125,55,2026-04-25T10:00:00,1,41.8192,6593.03,275715.24,16625.1,292340.34
126,55,2026-08-02T10:00:00,1,41.8192,6624.77,277042.58,19755.29,296797.87
127,55,2026-06-13T10:00:00,1,41.8192,6518.53,272599.71,16358.77,288958.48
128,55,2026-02-09T10:00:00,1,41.8192,6657.47,278410.07,17941.0,296351.07
129,56,2026-09-15T10:00:00,1,175.6407,83.76,14711.67,1478.19,16189.86
130,57,2026-04-02T10:00:00,1,19.0088,7136.82,135662.38,174.3,135836.68
131,58,2026-07-25T10:00:00,1,55.451,84.06,4661.21,386.24,5047.45
132,59,2026-05-25T10:00:00,1,17.543,7095.17,124470.57,189.83,124660.4
133,59,2026-06-09T10:00:00,1,17.543,7061.95,123887.79,166.34,124054.13
134,59,2026-10-11T10:00:00,1,17.543,7208.12,126452.05,173.15,126625.2
135,59,2026-07-08T10:00:00,1,17.543,7140.98,125274.21,159.68,125433.89
136,60,2026-11-15T10:00:00,1,6.9398,6625.08,45976.73,2561.55,48538.28
137,60,2026-07-08T10:00:00,1,6.9398,6600.07,45803.17,2852.28,48655.45
138,60,2026-09-10T10:00:00,1,6.9398,6663.56,46243.77,3190.47,49434.24
139,61,2026-10-07T10:00:00,1,13.7262,6691.24,91845.3,5623.56,97468.86
140,61,2026-05-06T10:00:00,1,13.7262,6547.29,89869.41,4669.17,94538.58
141,62,2026-01-13T10:00:00,1,4.7149,7209.49,33992.02,3036.06,37028.08
142,62,2026-06-27T10:00:00,1,4.7149,7068.08,33325.29,3435.03,36760.32
143,62,2026-01-05T10:00:00,1,4.7149,7186.36,33882.97,3746.97,37629.94
144,62,2026-01-01T10:00:00,1,4.7149,7204.02,33966.23,3556.8,37523.03
145,63,2026-06-07T10:00:00,1,12.9209,6501.87,84010.01,3984.99,87995.0
146,63,2026-09-29T10:00:00,1,12.9209,6698.55,86551.29,5177.76,91729.05
147,63,2026-08-03T10:00:00,1,12.9209,6604.56,85336.86,4511.5,89848.36
148,63,2026-01-31T10:00:00,1,12.9209,6651.07,85937.81,5163.43,91101.24
149,64,2026-05-24T10:00:00,1,3.1873,6561.43,20913.25,1119.26,22032.51
150,64,2026-04-29T10:00:00,1,3.1873,6591.0,21007.49,1426.87,22434.36
151,65,2026-07-10T10:00:00,1,7.9839,7149.34,57079.62,2523.01,59602.63
152,65,2026-02-13T10:00:00,1,7.9839,7185.65,57369.51,2616.76,59986.27
153,65,2026-09-16T10:00:00,1,7.9839,7228.61,57712.5,2273.95,59986.45
154,65,2026-07-21T10:00:00,1,7.9839,7137.76,56987.16,2228.97,59216.13
155,66,2026-08-11T10:00:00,1,14.0417,7154.68,100463.87,147.26,100611.13
156,67,2026-05-02T10:00:00,1,5.6959,6572.35,37435.45,2402.97,39838.42
157,67,2026-06-11T10:00:00,1,5.6959,6501.68,37032.92,2890.76,39923.68
158,68,2026-06-17T10:00:00,1,19.087,6530.63,124650.13,6857.17,131507.3
159,68,2026-05-20T10:00:00,1,19.087,6555.7,125128.65,6673.42,131802.07
160,68,2026-04-14T10:00:00,1,19.087,6599.71,125968.66,6461.27,132429.93
161,68,2026-10-27T10:00:00,1,19.087,6668.68,127285.1,6402.22,133687.32
162,69,2026-03-26T10:00:00,1,62.0656,92.28,5727.41,733.52,6460.93
163,70,2026-07-28T10:00:00,1,30.9727,83.99,2601.4,137.24,2738.64
164,70,2026-07-03T10:00:00,1,30.9727,83.93,2599.54,176.45,2775.99
165,70,2026-04-17T10:00:00,1,30.9727,91.52,2834.62,152.63,2987.25
166,71,2026-05-16T10:00:00,1,13.8926,7082.61,98395.87,4915.73,103311.6
167,71,2026-02-16T10:00:00,1,13.8926,7197.67,99994.35,3989.0,103983.35
168,71,2026-06-05T10:00:00,1,13.8926,7066.39,98170.53,4880.93,103051.46
169,71,2026-11-05T10:00:00,1,13.8926,7173.41,99657.32,3832.57,103489.89
170,72,2026-03-17T10:00:00,1,10.2814,6653.59,68408.22,3157.19,71565.41
171,72,2026-05-08T10:00:00,1,10.2814,6579.3,67644.42,4104.15,71748.57
172,72,2026-07-22T10:00:00,1,10.2814,6593.75,67792.98,3613.02,71406.0
173,73,2026-05-14T10:00:00,1,10.0421,7090.86,71207.13,3522.05,74729.18
174,73,2026-03-31T10:00:00,1,10.0421,7202.29,72326.12,2761.42,75087.54
175,73,2026-07-27T10:00:00,1,10.0421,7128.48,71584.91,3555.32,75140.23
176,74,2026-02-18T10:00:00,1,7.7284,7199.51,55640.69,2444.93,58085.62
177,74,2026-03-13T10:00:00,1,7.7284,7214.37,55755.54,2192.23,57947.77
178,75,2026-04-24T10:00:00,1,5.2811,6627.22,34999.01,2113.21,37112.22
179,76,2026-07-10T10:00:00,1,36.1511,6587.89,238159.47,16032.0,254191.47
180,76,2026-11-27T10:00:00,1,36.1511,6646.24,240268.89,13288.75,253557.64
181,76,2026-10-28T10:00:00,1,36.1511,6681.5,241543.57,14084.88,255628.45
182,76,2026-02-08T10:00:00,1,36.1511,6655.15,240590.99,13005.24,253596.23
183,77,2026-04-12T10:00:00,1,5.0459,7144.12,36048.52,3958.63,40007.15
184,78,2026-03-07T10:00:00,1,3.8207,7217.76,27576.9,2347.12,29924.02
185,78,2026-06-19T10:00:00,1,3.8207,7043.17,26909.84,2371.63,29281.47
186,78,2026-08-25T10:00:00,1,3.8207,7159.7,27355.07,2313.95,29669.02
187,78,2026-10-21T10:00:00,1,3.8207,7204.15,27524.9,2620.86,30145.76
188,79,2026-09-12T10:00:00,1,19.4648,6649.92,129439.36,5851.03,135290.39
189,79,2026-08-07T10:00:00,1,19.4648,6607.37,128611.14,6143.96,134755.1
190,79,2026-04-20T10:00:00,1,19.4648,6602.7,128520.23,7647.17,136167.4
191,79,2026-05-21T10:00:00,1,19.4648,6574.58,127972.88,6362.75,134335.63
192,80,2026-01-18T10:00:00,1,3.9658,6635.68,26315.78,1640.62,27956.4
193,80,2026-11-12T10:00:00,1,3.9658,6604.12,26190.62,1465.34,27655.96
194,81,2026-09-13T10:00:00,1,18.3862,6680.85,122835.44,6265.27,129100.71
195,81,2026-10-09T10:00:00,1,18.3862,6673.97,122708.95,6394.69,129103.64
196,81,2026-02-14T10:00:00,1,18.3862,6641.88,122118.93,6010.02,128128.95
197,82,2026-08-03T10:00:00,1,61.9363,83.93,5198.31,676.22,5874.53
198,82,2026-09-27T10:00:00,1,61.9363,83.8,5190.26,687.3,5877.56
199,83,2026-07-15T10:00:00,1,16.4877,7133.5,117615.01,10729.29,128344.3
200,84,2026-09-03T10:00:00,1,13.5748,6677.71,90648.58,4814.63,95463.21
201,84,2026-09-06T10:00:00,1,13.5748,6683.11,90721.88,4528.87,95250.75
202,84,2026-10-17T10:00:00,1,13.5748,6653.34,90317.76,4754.59,95072.35
203,85,2026-05-19T10:00:00,1,26.0333,92.43,2406.26,117.66,2523.92
204,85,2026-06-13T10:00:00,1,26.0333,91.9,2392.46,133.96,2526.42
205,85,2026-01-16T10:00:00,1,26.0333,92.32,2403.39,145.62,2549.01
206,85,2026-05-24T10:00:00,1,26.0333,92.54,2409.12,112.93,2522.05
207,86,2025-11-13T10:00:00,1,5.9539,7200.0,42868.08,1823.76,44691.84
208,86,2026-10-27T10:00:00,1,5.9539,7207.47,42912.56,2190.81,45103.37
209,86,2026-03-23T10:00:00,1,5.9539,7205.07,42898.27,1676.7,44574.97
210,86,2026-05-04T10:00:00,1,5.9539,7085.6,42186.95,1771.8,43958.75
211,87,2026-04-23T10:00:00,1,5.8771,6566.54,38592.21,2704.75,41296.96
212,88,2026-07-01T10:00:00,1,28.7165,6583.58,189057.38,12337.0,201394.38
213,88,2026-03-30T10:00:00,1,28.7165,6641.86,190730.97,9851.93,200582.9
214,88,2026-10-31T10:00:00,1,28.7165,6679.48,191811.29,10316.47,202127.76
215,88,2026-07-03T10:00:00,1,28.7165,6596.81,189437.29,12267.51,201704.8
216,89,2026-06-30T10:00:00,1,3.0342,6533.35,19823.49,1376.64,21200.13
217,90,2026-10-16T10:00:00,1,25.9884,6668.01,173290.91,12383.33,185674.24
218,90,2026-09-10T10:00:00,1,25.9884,6663.56,173175.26,11053.07,184228.33
219,91,2026-09-09T10:00:00,1,9.0049,7230.09,65106.24,77.57,65183.81
220,91,2026-01-29T10:00:00,1,9.0049,7197.1,64809.17,82.83,64892.0
221,92,2026-01-11T10:00:00,1,13.6036,6674.6,90798.59,4799.04,95597.63
222,92,2026-01-01T10:00:00,1,13.6036,6634.94,90259.07,4520.91,94779.98
223,93,2026-03-08T10:00:00,1,10.8246,7218.12,78133.26,3298.39,81431.65
224,93,2026-04-01T10:00:00,1,10.8246,7122.62,77099.51,3899.05,80998.56
225,94,2026-01-31T10:00:00,1,58.6439,92.51,5425.15,602.79,6027.94
226,94,2026-10-28T10:00:00,1,58.6439,84.49,4954.82,746.94,5701.76
227,94,2026-03-14T10:00:00,1,58.6439,92.39,5418.11,761.65,6179.76
228,95,2026-02-07T10:00:00,1,30.4621,91.61,2790.63,293.07,3083.7
229,95,2026-07-22T10:00:00,1,30.4621,83.9,2555.77,312.48,2868.25
230,95,2026-06-22T10:00:00,1,30.4621,91.89,2799.16,286.51,3085.67
231,96,2026-03-22T10:00:00,1,14.1124,6665.39,94064.65,5283.64,99348.29
232,96,2026-08-12T10:00:00,1,14.1124,6573.25,92764.33,5371.79,98136.12
233,97,2026-11-29T10:00:00,1,12.0171,6628.25,79652.34,3975.43,83627.77
234,97,2026-10-15T10:00:00,1,12.0171,6652.42,79942.8,4450.22,84393.02
235,97,2026-11-11T10:00:00,1,12.0171,6665.37,80098.42,4568.11,84666.53
236,97,2026-04-25T10:00:00,1,12.0171,6593.03,79229.1,4414.85,83643.95
237,98,2026-07-13T10:00:00,1,6.3389,6577.17,41692.02,2388.62,44080.64
238,98,2026-05-31T10:00:00,1,6.3389,6546.57,41498.05,2252.1,43750.15
239,99,2026-10-21T10:00:00,1,19.3079,6662.4,128636.95,7098.41,135735.36
240,100,2026-04-04T10:00:00,1,3.7986,6622.26,25155.32,1566.11,26721.43
241,101,2026-11-24T10:00:00,1,6.4304,6641.98,42710.59,2622.74,45333.33
242,101,2026-09-12T10:00:00,1,6.4304,6649.92,42761.65,2294.86,45056.51
243,102,2026-05-02T10:00:00,1,18.5,6572.35,121588.48,6177.43,127765.91
244,103,2026-03-27T10:00:00,1,40.7114,6692.89,272476.92,17797.38,290274.3
245,103,2026-02-15T10:00:00,1,40.7114,6673.68,271694.86,18748.8,290443.66
246,103,2026-11-24T10:00:00,1,40.7114,6641.98,270404.3,18274.94,288679.24
247,104,2026-08-17T10:00:00,1,47.6116,84.13,4005.56,406.33,4411.89
248,104,2026-04-18T10:00:00,1,47.6116,91.71,4366.46,440.34,4806.8
249,104,2026-02-04T10:00:00,1,47.6116,91.33,4348.37,454.76,4803.13
250,105,2026-01-01T10:00:00,1,3.087,7204.02,22238.81,1734.55,23973.36
251,106,2026-08-03T10:00:00,1,25.5639,6604.56,168838.31,12247.84,181086.15
252,106,2026-07-31T10:00:00,1,25.5639,6618.3,169189.56,10714.55,179904.11
253,106,2026-07-13T10:00:00,1,25.5639,6577.17,168138.12,10257.65,178395.77
254,106,2026-07-12T10:00:00,1,25.5639,6573.16,168035.6,9453.02,177488.62
255,107,2026-10-23T10:00:00,1,29.1472,6658.66,194081.29,11577.57,205658.86
256,107,2026-04-26T10:00:00,1,29.1472,6617.25,192874.31,9955.02,202829.33
257,107,2026-02-07T10:00:00,1,29.1472,6665.67,194285.62,12070.09,206355.71
258,107,2026-01-18T10:00:00,1,29.1472,6635.68,193411.49,10394.46,203805.95
259,108,2026-05-14T10:00:00,1,16.1291,6561.6,105832.7,6410.1,112242.8
260,108,2026-02-07T10:00:00,1,16.1291,6665.67,107511.26,5377.28,112888.54
261,108,2026-07-12T10:00:00,1,16.1291,6573.16,106019.15,5070.91,111090.06
262,109,2026-10-08T10:00:00,1,38.1991,84.57,3230.5,432.62,3663.12
263,110,2026-06-23T10:00:00,1,19.8326,7045.16,139723.84,203.92,139927.76
264,111,2026-01-16T10:00:00,1,8.7362,7192.3,62833.37,2737.99,65571.36
265,111,2026-12-01T10:00:00,1,8.7362,7278.58,63587.13,2514.63,66101.76
266,111,2026-08-11T10:00:00,1,8.7362,7154.68,62504.72,2508.01,65012.73
267,111,2026-02-21T10:00:00,1,8.7362,7190.45,62817.21,2653.93,65471.14
268,112,2026-07-29T10:00:00,1,3.2447,7133.44,23145.87,2233.82,25379.69
269,112,2026-10-04T10:00:00,1,3.2447,7208.27,23388.67,1960.53,25349.2
270,113,2025-09-15T10:00:00,1,3.4102,7200.0,24553.44,2042.1,26595.54
271,113,2026-01-26T10:00:00,1,3.4102,7196.99,24543.18,2145.41,26688.59
272,113,2026-10-09T10:00:00,1,3.4102,7210.11,24587.92,2442.63,27030.55
273,114,2026-01-28T10:00:00,1,22.4097,7193.17,161196.78,12884.44,174081.22
274,114,2026-08-07T10:00:00,1,22.4097,7150.74,160245.94,11782.42,172028.36
275,115,2026-04-13T10:00:00,1,15.2051,7126.68,108361.88,133.67,108495.55
276,115,2026-04-16T10:00:00,1,15.2051,7147.42,108677.24,137.04,108814.28
277,115,2026-05-30T10:00:00,1,15.2051,7094.32,107869.85,173.81,108043.66
278,115,2026-08-31T10:00:00,1,15.2051,7154.96,108791.88,167.73,108959.61
279,116,2026-07-23T10:00:00,1,4.3399,7129.06,30939.41,3011.45,33950.86
280,116,2026-05-16T10:00:00,1,4.3399,7082.61,30737.82,2665.3,33403.12
281,116,2026-10-06T10:00:00,1,4.3399,7199.28,31244.16,2935.42,34179.58
282,117,2026-07-15T10:00:00,1,31.0203,84.13,2609.74,149.02,2758.76
283,117,2026-08-17T10:00:00,1,31.0203,84.13,2609.74,133.91,2743.65
284,117,2026-08-14T10:00:00,1,31.0203,84.06,2607.57,153.48,2761.05
285,118,2026-05-18T10:00:00,1,16.9789,6539.16,111027.74,6057.15,117084.89
286,118,2026-03-19T10:00:00,1,16.9789,6671.87,113281.01,6392.3,119673.31
287,119,2026-02-13T10:00:00,1,3.7223,6660.75,24793.31,1759.53,26552.84
288,120,2026-10-29T10:00:00,1,3.0118,7221.49,21749.68,1935.92,23685.6
289,120,2026-02-01T10:00:00,1,3.0118,7194.97,21669.81,2323.81,23993.62
290,120,2026-09-25T10:00:00,1,3.0118,7203.26,21694.78,2056.8,23751.58
291,120,2026-10-02T10:00:00,1,3.0118,7207.07,21706.25,2226.58,23932.83
292,121,2026-10-21T10:00:00,1,5.6102,6662.4,37377.4,2813.65,40191.05
293,121,2026-09-01T10:00:00,1,5.6102,6697.52,37574.43,2372.25,39946.68
294,121,2026-07-22T10:00:00,1,5.6102,6593.75,36992.26,2829.64,39821.9
295,121,2026-01-18T10:00:00,1,5.6102,6635.68,37227.49,2526.18,39753.67
296,122,2026-03-03T10:00:00,1,4.447,7200.82,32022.05,3532.45,35554.5
297,122,2026-08-18T10:00:00,1,4.447,7161.77,31848.39,2807.41,34655.8
298,123,2026-04-19T10:00:00,1,7.2724,6590.82,47931.08,3178.15,51109.23
299,123,2026-03-06T10:00:00,1,7.2724,6641.26,48297.9,2509.86,50807.76
300,124,2026-08-11T10:00:00,1,16.7443,7154.68,119800.11,9148.17,128948.28
301,125,2026-11-01T10:00:00,1,21.1855,7168.73,151873.13,11788.03,163661.16
302,125,2026-02-04T10:00:00,1,21.1855,7191.67,152359.12,11136.47,163495.59
303,126,2026-10-10T10:00:00,1,5.5909,6668.55,37283.2,2384.67,39667.87
304,126,2026-05-22T10:00:00,1,5.5909,6536.4,36544.36,2530.77,39075.13
305,126,2026-01-07T10:00:00,1,5.5909,6638.49,37115.13,2732.19,39847.32
306,126,2026-11-16T10:00:00,1,5.5909,6636.83,37105.85,2582.0,39687.85
307,127,2026-02-27T10:00:00,1,3.0645,7206.58,22084.56,2090.09,24174.65
308,127,2026-03-17T10:00:00,1,3.0645,7221.36,22129.86,2188.01,24317.87
309,127,2026-10-26T10:00:00,1,3.0645,7205.56,22081.44,2311.43,24392.87
310,127,2026-02-21T10:00:00,1,3.0645,7190.45,22035.13,2418.61,24453.74
311,128,2026-05-27T10:00:00,1,11.2314,7096.64,79705.2,124.7,79829.9
312,129,2026-07-30T10:00:00,1,58.1956,84.1,4894.25,648.93,5543.18
313,129,2026-09-06T10:00:00,1,58.1956,83.89,4882.03,713.44,5595.47
314,129,2026-08-31T10:00:00,1,58.1956,84.02,4889.59,601.44,5491.03
315,130,2026-07-26T10:00:00,1,2.9689,7153.5,21238.03,1723.6,22961.63
316,130,2026-11-08T10:00:00,1,2.9689,7186.79,21336.86,2034.46,23371.32
317,130,2026-07-25T10:00:00,1,2.9689,7131.79,21173.57,1662.77,22836.34
318,131,2026-05-02T10:00:00,1,9.6225,7096.64,68287.42,83.21,68370.63
319,131,2026-09-01T10:00:00,1,9.6225,7229.28,69563.75,108.37,69672.12
320,131,2026-07-10T10:00:00,1,9.6225,7149.34,68794.52,82.38,68876.9
321,132,2026-06-09T10:00:00,1,8.3701,6530.76,54663.11,2736.49,57399.6
322,132,2026-09-09T10:00:00,1,8.3701,6688.03,55979.48,3244.37,59223.85
323,132,2026-02-20T10:00:00,1,8.3701,6652.76,55684.27,3344.79,59029.06
324,133,2026-03-10T10:00:00,1,14.5876,7204.58,105097.53,8228.67,113326.2
325,133,2026-08-15T10:00:00,1,14.5876,7155.45,104380.84,9472.1,113852.94
326,134,2026-05-18T10:00:00,1,8.2685,7078.3,58526.92,88.36,58615.28
327,134,2026-11-06T10:00:00,1,8.2685,7167.73,59266.38,86.3,59352.68
328,134,2026-04-07T10:00:00,1,8.2685,7140.71,59042.96,81.24,59124.2
329,135,2026-09-06T10:00:00,1,22.9212,83.89,1922.86,247.06,2169.92
330,135,2026-07-11T10:00:00,1,22.9212,84.02,1925.84,251.29,2177.13
331,135,2026-09-21T10:00:00,1,22.9212,83.75,1919.65,249.26,2168.91
332,135,2026-02-03T10:00:00,1,22.9212,91.48,2096.83,216.22,2313.05
333,136,2026-03-11T10:00:00,1,27.1123,6667.66,180775.6,12345.45,193121.05
334,136,2026-09-26T10:00:00,1,27.1123,6672.61,180909.8,12683.02,193592.82
335,136,2026-01-15T10:00:00,1,27.1123,6637.28,179951.93,10272.6,190224.53
336,136,2026-04-13T10:00:00,1,27.1123,6567.93,178071.69,12538.33,190610.02
337,137,2026-01-17T10:00:00,1,19.0534,7203.91,137258.98,11282.68,148541.66
338,137,2026-07-04T10:00:00,1,19.0534,7149.87,136229.33,12133.86,148363.19
339,138,2026-07-08T10:00:00,1,3.6759,7140.98,26249.53,2621.22,28870.75
340,138,2026-09-16T10:00:00,1,3.6759,7228.61,26571.65,2315.46,28887.11
341,138,2026-03-05T10:00:00,1,3.6759,7220.27,26540.99,2519.2,29060.19
342,139,2026-07-10T10:00:00,1,9.7207,7149.34,69496.59,3100.16,72596.75
343,139,2026-08-17T10:00:00,1,9.7207,7147.95,69483.08,2809.75,72292.83
344,140,2026-10-28T10:00:00,1,21.4836,84.49,1815.15,109.07,1924.22
345,140,2026-06-26T10:00:00,1,21.4836,92.19,1980.57,96.57,2077.14
346,140,2026-05-13T10:00:00,1,21.4836,92.28,1982.51,115.44,2097.95
347,140,2026-02-16T10:00:00,1,21.4836,91.38,1963.17,100.49,2063.66
348,141,2026-01-26T10:00:00,1,2.1494,7196.99,15469.21,1255.82,16725.03
349,141,2026-10-20T10:00:00,1,2.1494,7203.05,15482.24,1514.4,16996.64
350,141,2026-04-20T10:00:00,1,2.1494,7122.65,15309.42,1546.79,16856.21
351,141,2026-11-28T10:00:00,1,2.1494,7164.3,15398.95,1281.9,16680.85
352,142,2026-05-18T10:00:00,1,6.2076,6539.16,40592.49,2595.96,43188.45
353,142,2026-09-20T10:00:00,1,6.2076,6697.31,41574.22,2125.52,43699.74
354,143,2026-08-31T10:00:00,1,12.2929,7154.96,87955.21,4419.36,92374.57
355,144,2026-11-04T10:00:00,1,7.8189,6649.72,51993.5,3409.85,55403.35
356,144,2026-04-25T10:00:00,1,7.8189,6593.03,51550.24,2895.24,54445.48
357,145,2026-11-26T10:00:00,1,8.7446,7167.19,62674.21,2609.71,65283.92
358,145,2026-07-12T10:00:00,1,8.7446,7136.43,62405.23,3093.42,65498.65
359,145,2026-08-24T10:00:00,1,8.7446,7142.95,62462.24,2590.08,65052.32
360,146,2026-06-04T10:00:00,1,45.6533,92.04,4201.93,240.4,4442.33
361,146,2026-11-16T10:00:00,1,45.6533,85.32,3895.14,221.22,4116.36
362,146,2026-02-22T10:00:00,1,45.6533,91.31,4168.6,194.53,4363.13
363,146,2026-07-11T10:00:00,1,45.6533,84.02,3835.79,232.48,4068.27
364,147,2026-06-02T10:00:00,1,27.792,6524.8,181337.24,12318.42,193655.66
365,147,2026-09-04T10:00:00,1,27.792,6690.86,185952.38,10145.29,196097.67
366,147,2026-05-22T10:00:00,1,27.792,6536.4,181659.63,12164.97,193824.6
367,148,2026-05-14T10:00:00,1,2.6633,7090.86,18885.09,1812.22,20697.31
368,148,2026-11-30T10:00:00,1,2.6633,7185.65,19137.54,1626.65,20764.19
369,148,2026-03-18T10:00:00,1,2.6633,7210.81,19204.55,1740.13,20944.68
370,149,2026-01-30T10:00:00,1,24.2917,7200.27,174906.8,15910.51,190817.31
371,149,2026-11-04T10:00:00,1,24.2917,7177.52,174354.16,14155.69,188509.85
372,150,2025-12-22T10:00:00,1,11.9236,7200.0,85849.92,6381.36,92231.28
373,150,2026-01-14T10:00:00,1,11.9236,7202.23,85876.51,7487.69,93364.2
374,150,2026-06-01T10:00:00,1,11.9236,7049.88,84059.95,6637.83,90697.78
375,151,2026-07-27T10:00:00,1,18.1146,6574.15,119088.1,7353.13,126441.23
376,151,2026-01-19T10:00:00,1,18.1146,6664.36,120722.22,7797.63,128519.85
377,151,2026-10-20T10:00:00,1,18.1146,6652.03,120498.86,8329.42,128828.28
378,151,2026-06-25T10:00:00,1,18.1146,6512.35,117968.62,8125.22,126093.84
379,152,2026-10-01T10:00:00,1,14.682,6655.09,97710.03,5351.93,103061.96
380,152,2026-09-01T10:00:00,1,14.682,6697.52,98332.99,5765.41,104098.4
381,153,2026-09-17T10:00:00,1,36.3674,83.9,3051.22,410.25,3461.47
382,153,2026-03-29T10:00:00,1,36.3674,92.55,3365.8,481.01,3846.81
383,153,2026-10-13T10:00:00,1,36.3674,84.48,3072.32,394.66,3466.98
384,154,2026-08-30T10:00:00,1,24.6383,6590.93,162389.31,7660.89,170050.2
385,155,2026-10-14T10:00:00,1,43.3929,84.32,3658.89,234.08,3892.97
386,155,2026-04-04T10:00:00,1,43.3929,91.43,3967.41,246.05,4213.46
387,155,2026-06-21T10:00:00,1,43.3929,92.16,3999.09,227.02,4226.11
388,156,2026-07-01T10:00:00,1,40.2472,84.14,3386.4,184.53,3570.93
389,156,2026-06-07T10:00:00,1,40.2472,92.16,3709.18,196.43,3905.61
390,157,2026-07-10T10:00:00,1,5.5603,7149.34,39752.48,3612.62,43365.1
391,157,2026-05-31T10:00:00,1,5.5603,7094.01,39444.82,3849.89,43294.71
392,157,2026-03-02T10:00:00,1,5.5603,7205.26,40063.41,3857.81,43921.22
393,158,2026-08-30T10:00:00,1,35.8635,6590.93,236373.82,16822.41,253196.23
394,159,2026-07-15T10:00:00,1,106.8915,84.13,8992.78,862.79,9855.57
395,160,2026-01-28T10:00:00,1,41.4832,92.55,3839.27,553.18,4392.45
396,160,2026-03-19T10:00:00,1,41.4832,92.28,3828.07,443.64,4271.71
397,160,2026-04-13T10:00:00,1,41.4832,91.68,3803.18,474.3,4277.48
398,160,2026-10-19T10:00:00,1,41.4832,84.56,3507.82,556.47,4064.29
399,161,2026-03-15T10:00:00,1,28.3219,6646.81,188250.29,11239.95,199490.24
400,161,2026-04-03T10:00:00,1,28.3219,6586.05,186529.45,12890.62,199420.07
401,161,2026-09-07T10:00:00,1,28.3219,6664.68,188756.4,11297.93,200054.33
402,161,2026-04-01T10:00:00,1,28.3219,6586.73,186548.71,11229.36,197778.07
403,162,2026-01-03T10:00:00,1,11.2042,6644.7,74448.55,3865.06,78313.61
404,163,2026-03-28T10:00:00,1,45.0083,92.49,4162.82,230.19,4393.01
405,163,2026-03-23T10:00:00,1,45.0083,92.3,4154.27,224.34,4378.61
406,164,2026-03-08T10:00:00,1,3.6678,7218.12,26474.62,2465.95,28940.57
407,165,2026-07-26T10:00:00,1,34.0778,6613.61,225377.28,14007.93,239385.21
408,165,2026-09-02T10:00:00,1,34.0778,6659.6,226944.52,13811.66,240756.18
409,165,2026-01-20T10:00:00,1,34.0778,6644.22,226420.4,14457.73,240878.13
410,165,2026-07-11T10:00:00,1,34.0778,6591.42,224621.09,16245.18,240866.27
411,166,2026-09-29T10:00:00,1,42.0913,6698.55,281950.68,16037.32,297988.0
412,166,2026-01-03T10:00:00,1,42.0913,6644.7,279684.06,18350.23,298034.29
413,166,2026-05-08T10:00:00,1,42.0913,6579.3,276931.29,16226.6,293157.89
414,167,2026-06-09T10:00:00,1,12.0913,6530.76,78965.38,3760.85,82726.23
415,167,2026-07-16T10:00:00,1,12.0913,6600.06,79803.31,4236.19,84039.5
416,167,2026-06-06T10:00:00,1,12.0913,6544.57,79132.36,3809.21,82941.57
417,168,2026-06-02T10:00:00,1,22.6916,92.15,2091.03,257.45,2348.48
418,169,2026-09-24T10:00:00,1,4.4869,7218.5,32388.69,3231.63,35620.32
419,169,2026-06-22T10:00:00,1,4.4869,7067.66,31711.88,3078.33,34790.21
420,169,2026-03-10T10:00:00,1,4.4869,7204.58,32326.23,2992.65,35318.88
421,169,2026-09-08T10:00:00,1,4.4869,7214.64,32371.37,3008.21,35379.58
422,170,2026-03-26T10:00:00,1,3.1856,7195.77,22922.84,2348.99,25271.83
423,170,2026-07-26T10:00:00,1,3.1856,7153.5,22788.19,1771.92,24560.11
424,171,2026-03-09T10:00:00,1,3.3292,6649.89,22138.81,1368.34,23507.15
425,171,2026-01-12T10:00:00,1,3.3292,6661.42,22177.2,1538.45,23715.65
426,172,2026-03-05T10:00:00,1,27.5585,92.5,2549.16,132.28,2681.44
427,172,2026-11-30T10:00:00,1,27.5585,85.22,2348.54,149.87,2498.41
428,173,2026-11-24T10:00:00,1,17.1759,6641.98,114081.98,5571.14,119653.12
429,173,2026-10-01T10:00:00,1,17.1759,6655.09,114307.16,6233.63,120540.79
430,173,2026-11-01T10:00:00,1,17.1759,6607.94,113497.32,6903.71,120401.03
431,173,2026-02-25T10:00:00,1,17.1759,6643.69,114111.36,6288.52,120399.88
432,174,2026-01-25T10:00:00,1,36.7959,6655.67,244901.37,16334.01,261235.38
433,175,2026-08-16T10:00:00,1,10.3823,6620.59,68736.95,3503.26,72240.21
434,175,2026-10-08T10:00:00,1,10.3823,6661.82,69165.01,3364.25,72529.26
435,175,2026-03-20T10:00:00,1,10.3823,6670.87,69258.97,3312.75,72571.72
436,175,2026-11-19T10:00:00,1,10.3823,6642.56,68965.05,3098.88,72063.93
437,176,2026-02-21T10:00:00,1,79.6742,91.5,7290.19,1002.69,8292.88
438,176,2026-05-19T10:00:00,1,79.6742,92.43,7364.29,991.31,8355.6
439,176,2026-03-12T10:00:00,1,79.6742,92.39,7361.1,932.81,8293.91
440,176,2026-02-23T10:00:00,1,79.6742,91.62,7299.75,959.41,8259.16
441,177,2026-05-25T10:00:00,1,21.5109,6583.3,141612.71,7988.41,149601.12
442,178,2026-09-12T10:00:00,1,4.4698,6649.92,29723.81,1829.57,31553.38
443,179,2026-05-15T10:00:00,1,4.8051,7099.45,34113.57,3698.08,37811.65
444,179,2026-04-14T10:00:00,1,4.8051,7144.79,34331.43,3220.2,37551.63
445,180,2026-06-01T10:00:00,1,21.5984,6519.4,140808.61,8147.07,148955.68
446,180,2026-10-08T10:00:00,1,21.5984,6661.82,143884.65,9061.41,152946.06
447,180,2026-04-17T10:00:00,1,21.5984,6593.74,142414.23,9583.51,151997.74
448,180,2026-09-04T10:00:00,1,21.5984,6690.86,144511.87,8610.33,153122.2
449,181,2026-01-07T10:00:00,1,19.7854,7208.91,142631.17,208.04,142839.21
450,182,2026-10-21T10:00:00,1,12.8188,7204.15,92348.56,134.69,92483.25
451,183,2026-02-16T10:00:00,1,18.2712,6655.35,121601.23,7525.29,129126.52
452,183,2026-02-08T10:00:00,1,18.2712,6655.15,121597.58,7408.72,129006.3
453,184,2026-05-12T10:00:00,1,14.3522,7082.3,101646.59,8984.2,110630.79
454,185,2026-06-01T10:00:00,1,138.7501,91.94,12756.68,1031.45,13788.13
455,185,2026-01-26T10:00:00,1,138.7501,92.38,12817.73,976.74,13794.47
456,185,2026-03-31T10:00:00,1,138.7501,92.53,12838.55,1234.59,14073.14
457,185,2026-05-29T10:00:00,1,138.7501,92.34,12812.18,1063.45,13875.63
458,186,2026-08-07T10:00:00,1,20.4986,6607.37,135441.83,7687.93,143129.76
459,186,2026-02-18T10:00:00,1,20.4986,6666.05,136644.69,7930.52,144575.21
460,186,2026-01-24T10:00:00,1,20.4986,6634.42,135996.32,6119.15,142115.47
461,187,2026-11-28T10:00:00,1,12.717,7164.3,91108.4,6875.98,97984.38
462,187,2026-07-03T10:00:00,1,12.717,7136.19,90750.93,8533.3,99284.23
463,188,2026-02-17T10:00:00,1,32.234,91.36,2944.9,155.01,3099.91
464,188,2026-06-25T10:00:00,1,32.234,92.11,2969.07,145.84,3114.91
465,188,2026-07-25T10:00:00,1,32.234,84.06,2709.59,156.35,2865.94
466,189,2026-05-20T10:00:00,1,10.9377,6555.7,71704.28,4574.92,76279.2
467,189,2026-09-02T10:00:00,1,10.9377,6659.6,72840.71,4530.27,77370.98
468,189,2026-11-29T10:00:00,1,10.9377,6628.25,72497.81,4637.78,77135.59
469,189,2026-03-27T10:00:00,1,10.9377,6692.89,73204.82,3673.85,76878.67
470,190,2026-03-23T10:00:00,1,2.4559,7205.07,17694.93,1406.55,19101.48
471,191,2026-10-19T10:00:00,1,10.7173,7209.55,77266.91,112.91,77379.82
472,191,2026-04-03T10:00:00,1,10.7173,7137.66,76496.44,110.75,76607.19
473,191,2026-07-03T10:00:00,1,10.7173,7136.19,76480.69,110.75,76591.44
474,191,2026-03-08T10:00:00,1,10.7173,7218.12,77358.76,106.63,77465.39
475,192,2026-02-27T10:00:00,1,4.2888,6676.41,28633.79,2154.37,30788.16
476,192,2026-08-14T10:00:00,1,4.2888,6624.83,28412.57,1667.08,30079.65
477,192,2026-05-14T10:00:00,1,4.2888,6561.6,28141.39,2019.69,30161.08
478,192,2026-01-07T10:00:00,1,4.2888,6638.49,28471.16,2048.4,30519.56
479,193,2026-06-23T10:00:00,1,14.9404,6494.37,97028.49,5259.1,102287.59
480,193,2026-11-13T10:00:00,1,14.9404,6657.25,99461.98,4594.18,104056.16
481,194,2026-09-04T10:00:00,1,3.7547,7230.52,27148.43,2506.67,29655.1
482,194,2026-11-25T10:00:00,1,3.7547,7173.98,26936.14,2537.52,29473.66
483,195,2026-01-06T10:00:00,1,5.6896,6642.2,37791.46,2373.75,40165.21
484,196,2026-09-16T10:00:00,1,29.6387,83.93,2487.58,327.4,2814.98
485,196,2026-09-11T10:00:00,1,29.6387,83.94,2487.87,329.23,2817.1
486,197,2026-09-09T10:00:00,1,3.3083,7230.09,23919.31,2191.2,26110.51
487,198,2026-05-23T10:00:00,1,15.7741,92.34,1456.58,68.23,1524.81
488,198,2026-04-25T10:00:00,1,15.7741,91.76,1447.43,80.07,1527.5
489,198,2026-07-13T10:00:00,1,15.7741,84.08,1326.29,76.58,1402.87
490,199,2026-02-10T10:00:00,1,19.2605,6662.38,128320.77,7229.17,135549.94
491,199,2026-10-21T10:00:00,1,19.2605,6662.4,128321.16,7205.03,135526.19
492,200,2026-08-17T10:00:00,1,16.4058,6609.52,108434.46,6510.21,114944.67
493,200,2026-09-12T10:00:00,1,16.4058,6649.92,109097.26,7397.38,116494.64
494,200,2026-01-10T10:00:00,1,16.4058,6661.73,109291.01,6069.05,115360.06
495,200,2026-07-31T10:00:00,1,16.4058,6618.3,108578.51,5930.94,114509.45
496,201,2026-02-16T10:00:00,1,18.3302,6655.35,121993.9,7575.2,129569.1
497,202,2026-09-18T10:00:00,1,4.3318,7213.97,31249.48,3088.96,34338.44
498,202,2026-08-22T10:00:00,1,4.3318,7150.1,30972.8,3441.94,34414.74
499,202,2026-07-06T10:00:00,1,4.3318,7145.81,30954.22,3328.19,34282.41
500,203,2026-08-21T10:00:00,1,3.5736,7155.49,25570.86,2375.42,27946.28
501,203,2026-11-14T10:00:00,1,3.5736,7165.5,25606.63,2576.53,28183.16
502,204,2026-08-20T10:00:00,1,23.1628,83.95,1944.52,204.81,2149.33
503,204,2026-04-24T10:00:00,1,23.1628,91.5,2119.4,197.04,2316.44
504,204,2026-07-01T10:00:00,1,23.1628,84.14,1948.92,254.55,2203.47
505,205,2026-10-08T10:00:00,1,9.4979,7200.15,68386.3,3059.37,71445.67
506,205,2026-02-24T10:00:00,1,9.4979,7208.74,68467.89,2625.17,71093.06
507,205,2026-03-26T10:00:00,1,9.4979,7195.77,68344.7,3032.42,71377.12
508,206,2026-02-24T10:00:00,1,25.6022,6641.55,170038.29,9960.29,179998.58
509,206,2026-04-11T10:00:00,1,25.6022,6609.28,169212.11,9744.98,178957.09
510,206,2026-07-21T10:00:00,1,25.6022,6610.24,169236.69,9835.45,179072.14
511,206,2026-04-08T10:00:00,1,25.6022,6560.28,167957.6,11452.26,179409.86
512,207,2026-08-01T10:00:00,1,13.2941,7141.06,94933.97,3675.34,98609.31
513,208,2026-08-19T10:00:00,1,11.0838,7140.54,79144.32,6565.27,85709.59
514,209,2026-09-13T10:00:00,1,18.2845,6680.85,122156.0,5447.97,127603.97
515,209,2026-01-25T10:00:00,1,18.2845,6655.67,121695.6,6501.76,128197.36
516,210,2025-11-27T10:00:00,1,3.1977,6600.0,21104.82,1272.53,22377.35
517,210,2026-09-18T10:00:00,1,3.1977,6689.52,21391.08,1386.94,22778.02
518,210,2026-04-01T10:00:00,1,3.1977,6586.73,21062.39,1352.69,22415.08
519,210,2026-03-30T10:00:00,1,3.1977,6641.86,21238.68,1367.53,22606.21
520,211,2026-02-23T10:00:00,1,6.0918,7202.15,43874.06,58.86,43932.92
521,211,2026-11-04T10:00:00,1,6.0918,7177.52,43724.02,62.86,43786.88
522,212,2026-09-16T10:00:00,1,170.6976,83.93,14326.65,1521.83,15848.48
523,212,2026-08-03T10:00:00,1,170.6976,83.93,14326.65,1562.02,15888.67
524,212,2026-05-08T10:00:00,1,170.6976,92.47,15784.41,1272.83,17057.24
525,213,2025-09-14T10:00:00,1,10.8758,7200.0,78305.76,3431.02,81736.78
526,213,2026-03-10T10:00:00,1,10.8758,7204.58,78355.57,3102.49,81458.06
527,213,2026-11-05T10:00:00,1,10.8758,7173.41,78016.57,3689.09,81705.66
528,214,2026-10-08T10:00:00,1,15.0718,7200.15,108519.22,167.03,108686.25
529,214,2026-10-11T10:00:00,1,15.0718,7208.12,108639.34,156.71,108796.05
530,214,2026-04-13T10:00:00,1,15.0718,7126.68,107411.9,137.59,107549.49
531,215,2026-06-26T10:00:00,1,40.8508,92.19,3766.04,552.15,4318.19
532,215,2026-03-09T10:00:00,1,40.8508,92.21,3766.85,561.0,4327.85
533,215,2026-11-29T10:00:00,1,40.8508,85.17,3479.26,560.09,4039.35
534,216,2026-09-15T10:00:00,1,3.2471,7209.03,23408.44,2301.94,25710.38
535,216,2026-11-23T10:00:00,1,3.2471,7190.98,23349.83,2151.85,25501.68
536,217,2026-06-30T10:00:00,1,32.1275,91.92,2953.16,327.28,3280.44
537,218,2026-10-01T10:00:00,1,41.5219,6655.09,276331.98,16319.22,292651.2
538,218,2026-08-05T10:00:00,1,41.5219,6603.12,274174.09,19052.17,293226.26
539,218,2026-09-25T10:00:00,1,41.5219,6670.22,276960.21,15380.35,292340.56
540,218,2026-07-15T10:00:00,1,41.5219,6569.55,272780.2,15583.63,288363.83
541,219,2026-04-13T10:00:00,1,78.5036,91.68,7197.21,584.13,7781.34
542,220,2026-05-27T10:00:00,1,39.659,92.55,3670.44,209.2,3879.64
543,220,2026-03-16T10:00:00,1,39.659,92.24,3658.15,218.48,3876.63
544,221,2026-04-15T10:00:00,1,12.4688,7123.97,88827.36,4293.57,93120.93
545,221,2026-01-17T10:00:00,1,12.4688,7203.91,89824.11,3820.86,93644.97
546,221,2026-08-20T10:00:00,1,12.4688,7152.07,89177.73,3514.18,92691.91
547,222,2026-11-28T10:00:00,1,12.5433,7164.3,89863.96,4087.64,93951.6
548,222,2026-05-02T10:00:00,1,12.5433,7096.64,89015.28,4027.01,93042.29
549,223,2026-01-25T10:00:00,1,5.2555,7210.84,37896.57,4149.54,42046.11
550,223,2026-07-18T10:00:00,1,5.2555,7139.63,37522.33,3586.77,41109.1
551,223,2026-06-10T10:00:00,1,5.2555,7047.08,37035.93,4192.97,41228.9
552,224,2026-01-07T10:00:00,1,48.1507,92.51,4454.42,516.71,4971.13
553,225,2026-11-14T10:00:00,1,26.4171,6639.57,175398.18,12322.92,187721.1
554,225,2026-08-15T10:00:00,1,26.4171,6635.36,175286.97,12193.55,187480.52
555,226,2026-10-29T10:00:00,1,13.4675,6681.11,89977.85,4779.54,94757.39
556,226,2026-11-05T10:00:00,1,13.4675,6611.38,89038.76,4284.41,93323.17
557,226,2026-04-10T10:00:00,1,13.4675,6578.9,88601.34,4422.57,93023.91
558,227,2026-02-08T10:00:00,1,14.5655,7192.58,104763.52,7918.62,112682.14
559,227,2026-03-30T10:00:00,1,14.5655,7212.51,105053.81,9355.63,114409.44
560,228,2025-10-05T10:00:00,1,11.4872,7200.0,82707.84,3169.33,85877.17
561,229,2026-10-12T10:00:00,1,16.1684,6682.12,108039.19,5709.44,113748.63
562,229,2026-03-24T10:00:00,1,16.1684,6670.13,107845.33,6298.79,114144.12
563,229,2026-05-11T10:00:00,1,16.1684,6556.83,106013.45,5232.8,111246.25
564,230,2026-03-21T10:00:00,1,3.6613,7210.48,26399.73,2209.18,28608.91
565,230,2026-06-15T10:00:00,1,3.6613,7059.0,25845.12,2637.4,28482.52
566,230,2026-11-17T10:00:00,1,3.6613,7166.47,26238.6,2651.8,28890.4
567,230,2026-06-04T10:00:00,1,3.6613,7052.59,25821.65,2555.64,28377.29
568,231,2026-02-07T10:00:00,1,16.9595,7189.13,121924.05,11042.77,132966.82
569,231,2026-06-12T10:00:00,1,16.9595,7052.27,119602.97,10253.22,129856.19
570,231,2026-04-05T10:00:00,1,16.9595,7131.65,120949.22,10238.61,131187.83
571,232,2026-08-01T10:00:00,1,38.8965,84.23,3276.25,197.0,3473.25
572,232,2026-07-26T10:00:00,1,38.8965,83.91,3263.81,170.67,3434.48
573,233,2026-04-20T10:00:00,1,12.6163,7122.65,89861.49,4235.04,94096.53
574,233,2026-06-19T10:00:00,1,12.6163,7043.17,88858.75,3868.62,92727.37
575,234,2026-11-13T10:00:00,1,16.4047,6657.25,109210.19,6290.82,115501.01
576,234,2026-10-15T10:00:00,1,16.4047,6652.42,109130.95,6839.13,115970.08
577,235,2026-02-28T10:00:00,1,8.0469,7186.77,57831.22,84.55,57915.77
578,236,2026-05-04T10:00:00,1,45.6461,92.56,4225.0,614.22,4839.22
579,236,2026-11-11T10:00:00,1,45.6461,85.19,3888.59,616.54,4505.13
580,236,2026-05-05T10:00:00,1,45.6461,92.36,4215.87,623.16,4839.03
581,236,2026-06-14T10:00:00,1,45.6461,91.9,4194.88,528.26,4723.14
582,237,2026-07-17T10:00:00,1,8.7772,6616.19,58071.62,2847.69,60919.31
583,238,2026-01-13T10:00:00,1,17.9613,7209.49,129491.81,201.78,129693.59
584,238,2026-07-11T10:00:00,1,17.9613,7132.57,128110.23,180.38,128290.61
585,238,2026-09-18T10:00:00,1,17.9613,7213.97,129572.28,176.68,129748.96
586,239,2026-06-01T10:00:00,1,20.6013,6519.4,134308.12,8071.99,142380.11
587,240,2026-06-14T10:00:00,1,5.1622,7051.98,36403.73,1658.79,38062.52
588,240,2026-02-19T10:00:00,1,5.1622,7192.96,37131.5,1487.07,38618.57
589,241,2026-11-17T10:00:00,1,21.0662,6643.63,139956.04,6961.62,146917.66
590,242,2026-08-06T10:00:00,1,137.6048,83.99,11557.43,1211.69,12769.12
591,242,2026-04-16T10:00:00,1,137.6048,91.72,12621.11,1113.31,13734.42
592,243,2026-11-28T10:00:00,1,15.8002,7164.3,113197.37,173.02,113370.39
593,243,2026-02-06T10:00:00,1,15.8002,7209.2,113906.8,169.7,114076.5
594,243,2026-03-20T10:00:00,1,15.8002,7210.8,113932.08,135.43,114067.51
595,243,2026-06-19T10:00:00,1,15.8002,7043.17,111283.49,136.1,111419.59
596,244,2026-01-28T10:00:00,1,15.9038,6652.97,105807.5,5459.63,111267.13
597,245,2026-10-13T10:00:00,1,39.8096,84.48,3363.12,416.15,3779.27
598,245,2026-04-27T10:00:00,1,39.8096,91.75,3652.53,536.62,4189.15
599,245,2026-07-28T10:00:00,1,39.8096,83.99,3343.61,461.67,3805.28
600,246,2026-08-10T10:00:00,1,84.5028,83.98,7096.55,638.79,7735.34
601,246,2026-07-19T10:00:00,1,84.5028,83.91,7090.63,711.17,7801.8
602,246,2026-10-01T10:00:00,1,84.5028,84.6,7148.94,575.82,7724.76
603,246,2026-11-13T10:00:00,1,84.5028,85.22,7201.33,587.44,7788.77
604,247,2026-02-07T10:00:00,1,21.3958,6665.67,142617.34,7783.32,150400.66
605,248,2026-05-29T10:00:00,1,12.1774,6541.85,79662.72,4628.92,84291.64
606,249,2026-11-07T10:00:00,1,17.3609,6664.77,115706.41,5322.56,121028.97
607,249,2026-08-13T10:00:00,1,17.3609,6601.27,114603.99,5860.14,120464.13
608,249,2026-01-16T10:00:00,1,17.3609,6627.99,115067.87,6028.9,121096.77
609,250,2026-03-11T10:00:00,1,77.1732,92.34,7126.17,994.63,8120.8
610,250,2026-10-07T10:00:00,1,77.1732,84.42,6514.96,869.12,7384.08
611,251,2025-09-15T10:00:00,1,100.6346,92.4,9298.64,847.9,10146.54
612,251,2026-11-28T10:00:00,1,100.6346,85.23,8577.09,774.43,9351.52
613,252,2025-11-19T10:00:00,1,3.5214,7200.0,25354.08,2546.25,27900.33
614,253,2026-03-05T10:00:00,1,12.2356,7220.27,88344.34,3377.15,91721.49
615,253,2026-10-21T10:00:00,1,12.2356,7204.15,88147.1,4028.92,92176.02
616,254,2026-06-06T10:00:00,1,49.5838,92.03,4563.2,452.71,5015.91
617,255,2026-04-19T10:00:00,1,5.3041,6590.82,34958.37,2066.05,37024.42
618,255,2026-11-27T10:00:00,1,5.3041,6646.24,35252.32,2345.34,37597.66
619,255,2026-03-14T10:00:00,1,5.3041,6678.74,35424.7,1905.84,37330.54
620,256,2026-11-12T10:00:00,1,3.4873,7170.4,25005.34,2494.38,27499.72
621,256,2026-04-10T10:00:00,1,3.4873,7136.18,24886.0,2004.68,26890.68
622,257,2026-10-09T10:00:00,1,3.6998,6673.97,24692.35,1462.72,26155.07
623,258,2026-05-29T10:00:00,1,20.9309,6541.85,136926.81,8363.4,145290.21
624,259,2026-02-20T10:00:00,1,3.1863,7196.6,22930.53,2027.95,24958.48
625,259,2026-10-25T10:00:00,1,3.1863,7214.8,22988.52,2221.84,25210.36
626,259,2026-06-19T10:00:00,1,3.1863,7043.17,22441.65,2134.82,24576.47
627,260,2026-02-21T10:00:00,1,24.8355,6638.15,164861.77,8132.12,172993.89
628,260,2026-02-05T10:00:00,1,24.8355,6649.48,165143.16,9735.83,174878.99
629,261,2026-09-06T10:00:00,1,3.9864,7223.83,28797.08,2552.79,31349.87
630,261,2026-11-12T10:00:00,1,3.9864,7170.4,28584.08,2715.09,31299.17
631,261,2026-10-27T10:00:00,1,3.9864,7207.47,28731.86,2320.95,31052.81
632,262,2026-06-11T10:00:00,1,7.1953,6501.68,46781.54,3274.14,50055.68
633,262,2026-03-28T10:00:00,1,7.1953,6641.84,47790.03,2450.57,50240.6
634,262,2026-05-07T10:00:00,1,7.1953,6540.88,47063.59,3124.77,50188.36
635,263,2026-05-22T10:00:00,1,11.0827,7088.3,78557.5,7328.1,85885.6
636,263,2026-03-10T10:00:00,1,11.0827,7204.58,79846.2,7007.86,86854.06
637,263,2026-06-19T10:00:00,1,11.0827,7043.17,78057.34,7403.46,85460.8
638,263,2026-08-25T10:00:00,1,11.0827,7159.7,79348.81,6540.62,85889.43
639,264,2026-09-07T10:00:00,1,10.9703,6664.68,73113.54,4233.34,77346.88
640,264,2026-03-31T10:00:00,1,10.9703,6665.27,73120.01,4350.74,77470.75
641,264,2026-02-11T10:00:00,1,10.9703,6624.85,72676.59,4596.17,77272.76
642,265,2026-10-03T10:00:00,1,20.2554,84.56,1712.8,184.11,1896.91
643,265,2026-11-17T10:00:00,1,20.2554,85.2,1725.76,176.82,1902.58
644,266,2026-01-10T10:00:00,1,3.1433,7188.39,22595.27,2431.07,25026.34
645,267,2026-10-25T10:00:00,1,11.3594,6668.4,75749.02,4418.75,80167.77
646,268,2026-01-19T10:00:00,1,7.2654,7204.26,52341.83,73.78,52415.61
647,268,2026-10-06T10:00:00,1,7.2654,7199.28,52305.65,81.24,52386.89
648,269,2026-12-01T10:00:00,1,4.0936,6747.06,27619.76,1772.63,29392.39
649,269,2026-07-07T10:00:00,1,4.0936,6600.59,27020.18,1584.63,28604.81
650,269,2026-10-29T10:00:00,1,4.0936,6681.11,27349.79,1752.01,29101.8
651,269,2026-05-29T10:00:00,1,4.0936,6541.85,26779.72,1457.59,28237.31
652,270,2026-07-23T10:00:00,1,4.256,7129.06,30341.28,2857.53,33198.81
653,271,2026-05-03T10:00:00,1,4.3867,7086.57,31086.66,3391.25,34477.91
654,272,2026-09-21T10:00:00,1,5.634,6662.69,37537.6,2261.77,39799.37
655,272,2026-03-23T10:00:00,1,5.634,6668.23,37568.81,2291.26,39860.07
656,273,2026-09-05T10:00:00,1,5.1573,7213.93,37204.4,1867.77,39072.17
657,273,2026-01-21T10:00:00,1,5.1573,7214.1,37205.28,1511.12,38716.4
658,274,2026-04-29T10:00:00,1,4.3282,7140.35,30904.86,2632.41,33537.27
659,274,2026-07-09T10:00:00,1,4.3282,7146.49,30931.44,2787.98,33719.42
660,274,2026-04-16T10:00:00,1,4.3282,7147.42,30935.46,3046.0,33981.46
661,274,2026-07-04T10:00:00,1,4.3282,7149.87,30946.07,2928.03,33874.1
662,275,2026-01-24T10:00:00,1,5.1673,7193.31,37169.99,1425.3,38595.29
663,275,2026-11-29T10:00:00,1,5.1673,7167.3,37035.59,1566.26,38601.85
664,275,2026-09-24T10:00:00,1,5.1673,7218.5,37300.16,1719.79,39019.95
665,275,2026-05-21T10:00:00,1,5.1673,7097.54,36675.12,1819.65,38494.77
666,276,2026-10-24T10:00:00,1,20.2773,6682.9,135511.17,7191.48,142702.65
667,276,2026-03-31T10:00:00,1,20.2773,6665.27,135153.68,6834.45,141988.13
668,276,2026-07-13T10:00:00,1,20.2773,6577.17,133367.25,6810.26,140177.51
669,277,2026-09-22T10:00:00,1,56.7869,83.79,4758.17,630.66,5388.83
670,278,2026-09-22T10:00:00,1,14.5841,7217.93,105267.01,8503.28,113770.29
671,278,2026-06-26T10:00:00,1,14.5841,7061.97,102992.48,8715.97,111708.45
672,279,2026-11-06T10:00:00,1,3.3772,7167.73,24206.86,1870.25,26077.11
673,279,2026-03-13T10:00:00,1,3.3772,7214.37,24364.37,2155.6,26519.97
674,279,2026-04-28T10:00:00,1,3.3772,7127.14,24069.78,1916.67,25986.45
675,279,2026-11-26T10:00:00,1,3.3772,7167.19,24205.03,2050.83,26255.86
676,280,2026-04-06T10:00:00,1,57.5885,91.49,5268.77,516.69,5785.46
677,280,2026-11-05T10:00:00,1,57.5885,85.48,4922.66,613.43,5536.09
678,281,2026-04-28T10:00:00,1,13.5853,6568.63,89236.81,5030.17,94266.98
679,282,2026-02-28T10:00:00,1,41.6824,6639.43,276747.38,17409.53,294156.91
680,282,2026-09-03T10:00:00,1,41.6824,6677.71,278342.98,17396.43,295739.41
681,282,2026-10-30T10:00:00,1,41.6824,6660.07,277607.7,15727.48,293335.18
682,283,2026-01-12T10:00:00,1,29.6388,92.42,2739.22,273.6,3012.82
683,283,2026-03-07T10:00:00,1,29.6388,92.53,2742.48,302.92,3045.4
684,283,2026-03-24T10:00:00,1,29.6388,92.21,2732.99,263.91,2996.9
685,283,2026-09-20T10:00:00,1,29.6388,83.8,2483.73,255.41,2739.14
686,284,2026-01-29T10:00:00,1,22.3956,6638.31,148668.94,7658.46,156327.4
687,284,2026-04-03T10:00:00,1,22.3956,6586.05,147498.54,8552.81,156051.35
688,285,2026-11-03T10:00:00,1,15.0484,6631.42,99792.26,6523.39,106315.65
689,285,2026-11-23T10:00:00,1,15.0484,6664.5,100290.06,4892.58,105182.64
690,285,2026-05-26T10:00:00,1,15.0484,6585.82,99106.05,6485.66,105591.71
691,285,2026-04-21T10:00:00,1,15.0484,6602.91,99363.23,5631.25,104994.48
692,286,2026-09-04T10:00:00,1,25.0601,6690.86,167673.62,9485.03,177158.65
693,286,2026-07-30T10:00:00,1,25.0601,6586.38,165055.34,10843.65,175898.99
694,286,2026-10-26T10:00:00,1,25.0601,6675.04,167277.17,11537.1,178814.27
695,286,2026-04-04T10:00:00,1,25.0601,6622.26,165954.5,10914.29,176868.79
696,287,2026-03-27T10:00:00,1,11.5804,6692.89,77506.34,4696.52,82202.86
697,287,2026-06-25T10:00:00,1,11.5804,6512.35,75415.62,4958.13,80373.75
698,287,2026-11-02T10:00:00,1,11.5804,6648.82,76996.0,4520.15,81516.15
699,288,2026-07-13T10:00:00,1,14.593,7130.8,104059.76,4509.3,108569.06
700,288,2026-02-25T10:00:00,1,14.593,7203.25,105117.03,3992.5,109109.53
701,289,2026-03-18T10:00:00,1,4.1901,7210.81,30214.01,3025.91,33239.92
702,289,2026-04-01T10:00:00,1,4.1901,7122.62,29844.49,2911.84,32756.33
703,289,2026-11-11T10:00:00,1,4.1901,7187.3,30115.51,3020.9,33136.41
704,289,2026-09-30T10:00:00,1,4.1901,7217.18,30240.71,2936.0,33176.71
705,290,2025-07-24T10:00:00,1,37.8895,92.4,3500.99,188.44,3689.43
706,291,2026-11-05T10:00:00,1,2.3094,7173.41,16566.27,1518.8,18085.07
707,291,2026-01-01T10:00:00,1,2.3094,7204.02,16636.96,1679.88,18316.84
708,292,2026-09-25T10:00:00,1,17.0016,6670.22,113404.41,6970.76,120375.17
709,292,2026-01-23T10:00:00,1,17.0016,6624.46,112626.42,7564.06,120190.48
710,292,2026-08-08T10:00:00,1,17.0016,6643.19,112944.86,6561.18,119506.04
711,292,2026-09-04T10:00:00,1,17.0016,6690.86,113755.33,7760.96,121516.29
712,293,2026-06-29T10:00:00,1,22.9979,6530.13,150179.28,8972.66,159151.94
713,293,2026-10-22T10:00:00,1,22.9979,6668.54,153362.42,7684.51,161046.93
714,293,2026-03-10T10:00:00,1,22.9979,6683.46,153705.54,8095.61,161801.15
715,293,2026-04-30T10:00:00,1,22.9979,6588.91,151531.09,9814.35,161345.44
716,294,2026-05-26T10:00:00,1,11.2674,92.47,1041.9,58.0,1099.9
717,295,2026-05-12T10:00:00,1,14.8897,6545.77,97464.55,4725.2,102189.75
718,295,2026-01-04T10:00:00,1,14.8897,6628.52,98696.67,5333.32,104029.99
719,295,2026-03-02T10:00:00,1,14.8897,6651.79,99043.16,5242.29,104285.45
720,295,2026-07-12T10:00:00,1,14.8897,6573.16,97872.38,5453.02,103325.4
721,296,2026-07-29T10:00:00,1,106.5754,84.0,8952.33,817.37,9769.7
722,296,2026-03-21T10:00:00,1,106.5754,92.53,9861.42,833.69,10695.11
723,296,2026-10-27T10:00:00,1,106.5754,84.48,9003.49,789.59,9793.08
724,297,2026-10-17T10:00:00,1,28.6626,6653.34,190702.02,11553.07,202255.09
725,297,2026-05-22T10:00:00,1,28.6626,6536.4,187350.22,13814.42,201164.64
726,297,2026-07-23T10:00:00,1,28.6626,6574.6,188445.13,12959.12,201404.25
727,297,2026-07-31T10:00:00,1,28.6626,6618.3,189697.69,12226.47,201924.16
728,298,2026-04-02T10:00:00,1,12.0285,7136.82,85845.24,3699.25,89544.49
729,298,2026-10-12T10:00:00,1,12.0285,7213.63,86769.15,3830.37,90599.52
730,298,2026-06-07T10:00:00,1,12.0285,7041.03,84693.03,3938.79,88631.82
731,298,2026-07-23T10:00:00,1,12.0285,7129.06,85751.9,4121.39,89873.29
732,299,2026-04-28T10:00:00,1,2.7577,6568.63,18114.31,1221.08,19335.39
733,300,2026-02-21T10:00:00,1,18.9634,6638.15,125881.89,6068.63,131950.52
734,300,2026-07-25T10:00:00,1,18.9634,6591.68,125000.66,7206.82,132207.48
735,301,2026-03-24T10:00:00,1,33.2508,92.21,3066.06,321.45,3387.51
736,302,2026-02-16T10:00:00,1,24.6146,6655.35,163818.78,9450.57,173269.35
737,303,2026-11-04T10:00:00,1,14.7384,7177.52,105785.16,4624.85,110410.01
738,303,2026-02-02T10:00:00,1,14.7384,7211.94,106292.46,4381.09,110673.55
739,303,2026-07-09T10:00:00,1,14.7384,7146.49,105327.83,4122.09,109449.92
740,303,2026-01-20T10:00:00,1,14.7384,7206.6,106213.75,5033.92,111247.67
741,304,2026-11-11T10:00:00,1,23.2115,6665.37,154713.24,8504.66,163217.9
742,304,2026-05-27T10:00:00,1,23.2115,6560.49,152278.81,8639.75,160918.56
743,304,2026-11-02T10:00:00,1,23.2115,6648.82,154329.09,7045.47,161374.56
744,304,2026-03-31T10:00:00,1,23.2115,6665.27,154710.91,8465.94,163176.85
745,305,2026-01-06T10:00:00,1,24.7258,7201.29,178057.66,13507.89,191565.55
746,305,2026-09-23T10:00:00,1,24.7258,7211.29,178304.91,13883.07,192187.98
747,305,2026-01-18T10:00:00,1,24.7258,7191.63,177818.81,16099.28,193918.09
748,305,2026-09-19T10:00:00,1,24.7258,7225.68,178660.72,14905.86,193566.58
749,306,2026-11-11T10:00:00,1,28.0255,6665.37,186800.33,9593.72,196394.05
750,306,2026-01-19T10:00:00,1,28.0255,6664.36,186772.02,10201.57,196973.59
751,307,2026-03-22T10:00:00,1,20.694,7199.54,148987.28,10877.42,159864.7
752,308,2026-07-24T10:00:00,1,22.5917,6613.94,149420.15,9070.43,158490.58
753,308,2026-07-22T10:00:00,1,22.5917,6593.75,148964.02,9219.38,158183.4
754,308,2026-04-13T10:00:00,1,22.5917,6567.93,148380.7,9539.02,157919.72
755,309,2026-02-16T10:00:00,1,20.9922,7197.67,151094.93,12782.71,163877.64
756,310,2026-06-27T10:00:00,1,30.6255,6514.48,199509.21,14650.45,214159.66
757,310,2026-05-22T10:00:00,1,30.6255,6536.4,200180.52,11806.54,211987.06
758,310,2026-04-10T10:00:00,1,30.6255,6578.9,201482.1,12688.13,214170.23
759,311,2026-10-22T10:00:00,1,6.7935,7225.94,49089.42,1850.87,50940.29
760,311,2026-03-31T10:00:00,1,6.7935,7202.29,48928.76,2113.36,51042.12
761,311,2026-02-24T10:00:00,1,6.7935,7208.74,48972.58,2212.16,51184.74
762,311,2026-09-15T10:00:00,1,6.7935,7209.03,48974.55,2039.74,51014.29
763,312,2026-09-20T10:00:00,1,22.4573,6697.31,150403.5,8936.98,159340.48
764,313,2026-08-15T10:00:00,1,10.3132,6635.36,68431.79,4466.96,72898.75
765,313,2026-10-16T10:00:00,1,10.3132,6668.01,68768.52,3899.77,72668.29
766,313,2026-05-05T10:00:00,1,10.3132,6550.28,67554.35,4221.73,71776.08
767,314,2026-08-24T10:00:00,1,3.5003,7142.95,25002.47,2741.68,27744.15
768,314,2026-01-15T10:00:00,1,3.5003,7192.16,25174.72,2436.96,27611.68
769,314,2026-05-13T10:00:00,1,3.5003,7098.82,24848.0,2132.34,26980.34
770,314,2026-11-21T10:00:00,1,3.5003,7177.73,25124.21,2662.39,27786.6
771,315,2026-04-28T10:00:00,1,42.8276,91.56,3921.3,233.42,4154.72
772,315,2026-07-31T10:00:00,1,42.8276,84.0,3597.52,243.4,3840.92
773,316,2026-05-15T10:00:00,1,4.8799,7099.45,34644.61,3157.95,37802.56
774,317,2026-07-24T10:00:00,1,14.7122,7140.91,105058.5,9287.31,114345.81
775,318,2026-02-08T10:00:00,1,17.6338,6655.15,117355.58,6272.83,123628.41
776,318,2026-04-02T10:00:00,1,17.6338,6607.97,116523.62,6128.42,122652.04
777,318,2026-07-01T10:00:00,1,17.6338,6583.58,116093.53,5650.74,121744.27
778,319,2026-04-04T10:00:00,1,72.4721,91.43,6626.12,986.32,7612.44
779,319,2026-04-08T10:00:00,1,72.4721,91.72,6647.14,869.4,7516.54
780,319,2026-04-13T10:00:00,1,72.4721,91.68,6644.24,800.49,7444.73
781,320,2026-05-16T10:00:00,1,11.7703,7082.61,83364.44,3435.17,86799.61
782,320,2026-04-14T10:00:00,1,11.7703,7144.79,84096.32,4144.96,88241.28
783,321,2026-03-21T10:00:00,1,3.0001,7210.48,21632.16,2113.25,23745.41
784,321,2026-03-03T10:00:00,1,3.0001,7200.82,21603.18,2195.88,23799.06
785,321,2026-09-10T10:00:00,1,3.0001,7206.57,21620.43,2016.66,23637.09
786,322,2026-09-04T10:00:00,1,36.3621,6690.86,243293.72,14681.95,257975.67
787,323,2026-09-10T10:00:00,1,11.8931,7206.57,85708.46,4260.34,89968.8
788,323,2026-10-22T10:00:00,1,11.8931,7225.94,85938.83,4226.83,90165.66
789,323,2026-09-09T10:00:00,1,11.8931,7230.09,85988.18,3443.71,89431.89
790,324,2026-07-23T10:00:00,1,11.2024,7129.06,79862.58,6161.06,86023.64
791,324,2026-10-23T10:00:00,1,11.2024,7216.29,80839.77,5971.82,86811.59
792,324,2026-09-27T10:00:00,1,11.2024,7225.69,80945.07,7324.9,88269.97
793,325,2026-10-04T10:00:00,1,16.9172,6653.41,112557.07,5527.05,118084.12
794,325,2026-06-27T10:00:00,1,16.9172,6514.48,110206.76,6223.56,116430.32
795,325,2026-03-31T10:00:00,1,16.9172,6665.27,112757.71,6345.99,119103.7
796,325,2026-03-03T10:00:00,1,16.9172,6640.26,112334.61,6810.86,119145.47
797,326,2026-06-11T10:00:00,1,9.6607,6501.68,62810.78,3573.18,66383.96
798,326,2026-01-07T10:00:00,1,9.6607,6638.49,64132.46,3557.85,67690.31
799,326,2026-07-14T10:00:00,1,9.6607,6614.74,63903.02,3463.42,67366.44
800,326,2026-06-16T10:00:00,1,9.6607,6504.38,62836.86,3240.86,66077.72
801,327,2026-04-06T10:00:00,1,2.2934,7141.57,16378.48,1512.43,17890.91
802,327,2026-05-02T10:00:00,1,2.2934,7096.64,16275.43,1387.59,17663.02
803,327,2026-11-10T10:00:00,1,2.2934,7183.0,16473.49,1420.54,17894.03
804,328,2026-09-13T10:00:00,1,3.0974,7216.38,22352.02,1967.37,24319.39
805,328,2026-08-03T10:00:00,1,3.0974,7137.91,22108.96,2134.54,24243.5
806,329,2026-07-06T10:00:00,1,18.6736,7145.81,133438.0,12395.14,145833.14
807,329,2026-05-24T10:00:00,1,18.6736,7100.3,132588.16,11038.55,143626.71
808,329,2026-10-20T10:00:00,1,18.6736,7203.05,134506.87,9964.33,144471.2
809,330,2026-02-21T10:00:00,1,4.6319,6638.15,30747.25,1975.5,32722.75
810,330,2026-05-01T10:00:00,1,4.6319,6562.88,30398.6,1883.52,32282.12
811,331,2026-04-11T10:00:00,1,6.1706,6609.28,40783.22,2206.0,42989.22
812,331,2026-03-18T10:00:00,1,6.1706,6673.67,41180.55,2448.24,43628.79
813,331,2026-01-05T10:00:00,1,6.1706,6627.44,40895.28,2228.78,43124.06
814,331,2026-09-13T10:00:00,1,6.1706,6680.85,41224.85,2197.58,43422.43
815,332,2026-09-07T10:00:00,1,6.9177,6664.68,46104.26,2601.08,48705.34
816,332,2026-10-15T10:00:00,1,6.9177,6652.42,46019.45,3064.68,49084.13
817,332,2026-01-25T10:00:00,1,6.9177,6655.67,46041.93,2682.74,48724.67
818,333,2026-01-31T10:00:00,1,52.5275,92.51,4859.32,576.53,5435.85
819,333,2026-05-11T10:00:00,1,52.5275,92.41,4854.07,625.89,5479.96
820,334,2026-08-19T10:00:00,1,14.5628,6590.88,95981.67,5939.93,101921.6
821,335,2026-07-04T10:00:00,1,17.4016,6625.16,115288.38,5835.32,121123.7
822,335,2026-10-13T10:00:00,1,17.4016,6673.16,116123.66,6879.61,123003.27
823,335,2026-05-12T10:00:00,1,17.4016,6545.77,113906.87,5805.78,119712.65
824,336,2026-03-04T10:00:00,1,106.314,92.28,9810.66,812.52,10623.18
825,336,2026-11-07T10:00:00,1,106.314,85.48,9087.72,773.7,9861.42
826,336,2026-10-22T10:00:00,1,106.314,84.6,8994.16,888.75,9882.91
827,336,2026-10-03T10:00:00,1,106.314,84.56,8989.91,767.47,9757.38
828,337,2026-07-01T10:00:00,1,6.8574,7142.76,48980.76,2079.22,51059.98
829,337,2026-09-19T10:00:00,1,6.8574,7225.68,49549.38,2186.14,51735.52
830,337,2026-08-17T10:00:00,1,6.8574,7147.95,49016.35,2450.87,51467.22
831,338,2026-11-11T10:00:00,1,10.8588,7187.3,78045.45,3252.28,81297.73
832,338,2026-11-20T10:00:00,1,10.8588,7168.12,77837.18,3950.79,81787.97
833,338,2026-03-27T10:00:00,1,10.8588,7220.56,78406.62,3621.36,82027.98
834,338,2026-06-22T10:00:00,1,10.8588,7067.66,76746.31,3393.31,80139.62
835,339,2026-02-06T10:00:00,1,4.9004,6651.6,32595.5,1712.66,34308.16
836,339,2026-06-25T10:00:00,1,4.9004,6512.35,31913.12,1800.34,33713.46
837,339,2026-06-12T10:00:00,1,4.9004,6502.83,31866.47,2050.14,33916.61
838,339,2026-05-17T10:00:00,1,4.9004,6546.67,32081.3,2022.13,34103.43
839,340,2026-05-19T10:00:00,1,165.8251,92.43,15327.21,1480.89,16808.1
840,340,2026-07-05T10:00:00,1,165.8251,84.09,13944.23,1425.26,15369.49
841,340,2026-09-24T10:00:00,1,165.8251,83.89,13911.07,1511.87,15422.94
842,340,2026-07-31T10:00:00,1,165.8251,84.0,13929.31,1194.2,15123.51
843,341,2026-03-06T10:00:00,1,23.4326,6641.26,155621.99,10514.19,166136.18
844,342,2026-02-10T10:00:00,1,33.6753,91.29,3074.22,369.02,3443.24
845,342,2026-07-23T10:00:00,1,33.6753,83.85,2823.67,355.98,3179.65
846,342,2026-02-02T10:00:00,1,33.6753,91.29,3074.22,457.06,3531.28
847,343,2026-10-08T10:00:00,1,12.5555,6661.82,83642.48,3806.22,87448.7
848,343,2026-07-23T10:00:00,1,12.5555,6574.6,82547.39,4426.04,86973.43
849,343,2026-02-12T10:00:00,1,12.5555,6680.09,83871.87,3872.27,87744.14
850,343,2026-11-13T10:00:00,1,12.5555,6657.25,83585.1,3939.96,87525.06
851,344,2026-06-08T10:00:00,1,14.46,6553.87,94768.96,4650.08,99419.04
852,344,2026-05-26T10:00:00,1,14.46,6585.82,95230.96,4974.7,100205.66
853,344,2026-03-06T10:00:00,1,14.46,6641.26,96032.62,4501.17,100533.79
854,344,2026-03-29T10:00:00,1,14.46,6673.36,96496.79,4345.23,100842.02
855,345,2026-06-16T10:00:00,1,6.9195,6504.38,45007.06,3070.24,48077.3
856,345,2026-08-28T10:00:00,1,6.9195,6634.02,45904.1,3162.2,49066.3
857,345,2026-10-04T10:00:00,1,6.9195,6653.41,46038.27,3128.88,49167.15
858,346,2026-03-11T10:00:00,1,3.0109,6667.66,20075.66,1545.76,21621.42
859,346,2026-10-04T10:00:00,1,3.0109,6653.41,20032.75,1223.63,21256.38
860,346,2026-11-02T10:00:00,1,3.0109,6648.82,20018.93,1337.24,21356.17
861,346,2026-11-22T10:00:00,1,3.0109,6616.09,19920.39,1508.26,21428.65
862,347,2026-09-26T10:00:00,1,8.607,7225.42,62189.19,2869.74,65058.93
863,347,2026-10-01T10:00:00,1,8.607,7201.76,61985.55,2596.97,64582.52
864,347,2026-06-27T10:00:00,1,8.607,7068.08,60834.96,2739.08,63574.04
865,347,2026-04-27T10:00:00,1,8.607,7147.25,61516.38,3006.01,64522.39
866,348,2026-06-07T10:00:00,1,9.5558,6501.87,62130.57,3209.86,65340.43
867,348,2026-05-14T10:00:00,1,9.5558,6561.6,62701.34,2999.09,65700.43
868,348,2026-01-06T10:00:00,1,9.5558,6642.2,63471.53,2842.94,66314.47
869,348,2026-03-11T10:00:00,1,9.5558,6667.66,63714.83,3187.89,66902.72
870,349,2026-10-01T10:00:00,1,3.9789,7201.76,28655.08,2204.8,30859.88
871,349,2026-09-09T10:00:00,1,3.9789,7230.09,28767.81,2933.07,31700.88
872,349,2026-09-02T10:00:00,1,3.9789,7215.13,28708.28,2430.81,31139.09
873,349,2026-08-09T10:00:00,1,3.9789,7153.55,28463.26,2817.47,31280.73
874,350,2026-01-04T10:00:00,1,40.4539,92.4,3737.94,205.2,3943.14
875,350,2026-04-07T10:00:00,1,40.4539,91.55,3703.55,196.91,3900.46
876,351,2025-10-10T10:00:00,1,1.96,7200.0,14112.0,1178.41,15290.41
877,351,2026-11-27T10:00:00,1,1.96,7182.71,14078.11,1231.85,15309.96
878,351,2026-07-13T10:00:00,1,1.96,7130.8,13976.37,1167.21,15143.58
879,351,2026-02-10T10:00:00,1,1.96,7206.4,14124.54,1244.28,15368.82
880,352,2026-09-22T10:00:00,1,5.1549,6673.61,34401.79,2225.6,36627.39
881,352,2026-11-10T10:00:00,1,5.1549,6648.03,34269.93,2252.22,36522.15
882,353,2026-05-26T10:00:00,1,5.7849,6585.82,38098.31,2417.02,40515.33
883,353,2026-09-30T10:00:00,1,5.7849,6668.59,38577.13,2528.33,41105.46
884,353,2026-07-31T10:00:00,1,5.7849,6618.3,38286.2,2097.37,40383.57
885,354,2026-04-04T10:00:00,1,3.0016,7145.4,21447.63,1738.35,23185.98
886,355,2026-11-23T10:00:00,1,34.4809,85.18,2937.08,408.23,3345.31
887,356,2026-05-20T10:00:00,1,10.5422,7083.16,74672.09,3576.39,78248.48
888,356,2026-09-09T10:00:00,1,10.5422,7230.09,76221.05,3057.53,79278.58
889,356,2026-01-10T10:00:00,1,10.5422,7188.39,75781.45,3021.46,78802.91
890,356,2026-10-01T10:00:00,1,10.5422,7201.76,75922.39,2889.88,78812.27
891,357,2026-05-25T10:00:00,1,43.877,92.47,4057.31,408.39,4465.7
892,358,2026-01-05T10:00:00,1,5.1854,6627.44,34365.93,2146.39,36512.32
893,358,2026-03-19T10:00:00,1,5.1854,6671.87,34596.31,1993.72,36590.03
894,358,2026-04-22T10:00:00,1,5.1854,6604.01,34244.43,2222.76,36467.19
895,358,2026-06-09T10:00:00,1,5.1854,6530.76,33864.6,2533.45,36398.05
896,359,2026-07-10T10:00:00,1,1.683,7149.34,12032.34,1082.03,13114.37
897,359,2026-01-17T10:00:00,1,1.683,7203.91,12124.18,1038.24,13162.42
898,359,2026-03-16T10:00:00,1,1.683,7208.15,12131.32,948.25,13079.57
899,359,2026-07-20T10:00:00,1,1.683,7142.22,12020.36,953.28,12973.64
900,360,2026-04-03T10:00:00,1,6.8958,6586.05,45416.08,2503.61,47919.69
901,360,2026-05-09T10:00:00,1,6.8958,6551.77,45179.7,3020.84,48200.54
902,360,2026-01-07T10:00:00,1,6.8958,6638.49,45777.7,2445.49,48223.19
903,360,2026-05-08T10:00:00,1,6.8958,6579.3,45369.54,2662.99,48032.53
904,361,2026-05-07T10:00:00,1,4.8008,7079.85,33988.94,3600.12,37589.06
905,361,2026-01-18T10:00:00,1,4.8008,7191.63,34525.58,3057.28,37582.86
906,361,2026-02-18T10:00:00,1,4.8008,7199.51,34563.41,3381.87,37945.28
907,361,2026-04-17T10:00:00,1,4.8008,7120.27,34182.99,3333.16,37516.15
908,362,2026-06-15T10:00:00,1,198.9095,92.06,18311.61,1428.3,19739.91
909,362,2026-01-22T10:00:00,1,198.9095,92.5,18399.13,1708.1,20107.23
910,362,2026-10-09T10:00:00,1,198.9095,84.58,16823.77,1601.27,18425.04
911,363,2026-09-04T10:00:00,1,13.8933,7230.52,100455.78,8682.39,109138.17
912,363,2026-04-12T10:00:00,1,13.8933,7144.12,99255.4,7986.94,107242.34
913,363,2026-01-27T10:00:00,1,13.8933,7193.23,99937.7,9245.41,109183.11
914,364,2025-07-29T10:00:00,1,11.8532,7200.0,85343.04,3492.58,88835.62
915,364,2026-08-11T10:00:00,1,11.8532,7154.68,84805.85,3593.34,88399.19
916,365,2026-05-22T10:00:00,1,7.5425,7088.3,53463.5,77.34,53540.84
917,365,2026-07-22T10:00:00,1,7.5425,7145.68,53896.29,81.97,53978.26
918,366,2026-01-22T10:00:00,1,20.7568,92.5,1920.0,106.31,2026.31
919,367,2026-11-02T10:00:00,1,9.0261,7191.58,64911.92,80.92,64992.84
920,367,2026-02-15T10:00:00,1,9.0261,7205.88,65040.99,83.46,65124.45
921,367,2026-09-13T10:00:00,1,9.0261,7216.38,65135.77,79.2,65214.97
922,367,2026-11-13T10:00:00,1,9.0261,7179.8,64805.59,85.89,64891.48
923,368,2026-01-31T10:00:00,1,6.4593,7188.76,46434.36,1977.38,48411.74
924,369,2026-10-02T10:00:00,1,3.836,6671.12,25590.42,1668.57,27258.99
925,369,2026-03-06T10:00:00,1,3.836,6641.26,25475.87,1528.8,27004.67
926,370,2026-10-13T10:00:00,1,9.1394,7199.58,65799.84,99.31,65899.15
927,370,2026-06-27T10:00:00,1,9.1394,7068.08,64598.01,99.77,64697.78
928,370,2026-08-13T10:00:00,1,9.1394,7152.77,65372.03,97.79,65469.82
929,371,2026-07-13T10:00:00,1,3.5364,7130.8,25217.36,2370.15,27587.51
930,372,2026-05-09T10:00:00,1,4.8056,6551.77,31485.19,2152.14,33637.33
931,372,2026-09-06T10:00:00,1,4.8056,6683.11,32116.35,2041.4,34157.75
932,373,2026-10-05T10:00:00,1,191.6333,84.28,16150.85,1623.69,17774.54
933,373,2026-04-08T10:00:00,1,191.6333,91.72,17576.61,1563.74,19140.35
934,373,2026-10-06T10:00:00,1,191.6333,84.58,16208.34,1463.0,17671.34
935,374,2026-05-21T10:00:00,1,158.1349,92.28,14592.69,1404.62,15997.31
936,374,2026-11-03T10:00:00,1,158.1349,85.43,13509.46,1422.38,14931.84
937,374,2026-10-11T10:00:00,1,158.1349,84.45,13354.49,1136.17,14490.66
938,374,2026-09-29T10:00:00,1,158.1349,83.78,13248.54,1134.15,14382.69
939,375,2026-05-15T10:00:00,1,4.191,6575.39,27557.46,1909.49,29466.95
940,375,2026-08-21T10:00:00,1,4.191,6624.19,27761.98,1603.46,29365.44
941,375,2026-11-23T10:00:00,1,4.191,6664.5,27930.92,1889.32,29820.24
942,376,2026-01-10T10:00:00,1,28.2449,6661.73,188159.9,12288.98,200448.88
943,376,2026-07-06T10:00:00,1,28.2449,6602.1,186475.65,12845.16,199320.81
944,377,2026-06-14T10:00:00,1,10.3794,7051.98,73195.32,6640.54,79835.86
945,377,2026-10-03T10:00:00,1,10.3794,7221.88,74958.78,6823.72,81782.5
946,378,2026-09-26T10:00:00,1,22.3074,6672.61,148848.58,8236.75,157085.33
947,378,2026-10-10T10:00:00,1,22.3074,6668.55,148758.01,6997.47,155755.48
948,379,2026-06-15T10:00:00,1,2.4927,7059.0,17595.97,1576.41,19172.38
949,379,2026-06-14T10:00:00,1,2.4927,7051.98,17578.47,1430.91,19009.38
950,379,2026-09-25T10:00:00,1,2.4927,7203.26,17955.57,1697.49,19653.06
951,380,2026-03-08T10:00:00,1,27.6089,92.36,2549.96,124.74,2674.7
952,381,2026-04-14T10:00:00,1,51.5308,91.62,4721.25,545.47,5266.72
953,382,2026-02-20T10:00:00,1,52.9414,91.33,4835.14,455.06,5290.2
954,382,2026-11-25T10:00:00,1,52.9414,85.21,4511.14,582.83,5093.97
955,383,2026-09-27T10:00:00,1,62.5518,83.8,5241.84,778.54,6020.38
956,383,2026-10-30T10:00:00,1,62.5518,84.42,5280.62,695.66,5976.28
957,383,2026-07-07T10:00:00,1,62.5518,84.08,5259.36,687.73,5947.09
958,383,2026-02-06T10:00:00,1,62.5518,91.47,5721.61,640.98,6362.59
959,384,2026-09-09T10:00:00,1,139.1589,83.71,11648.99,1256.35,12905.34
960,384,2026-02-10T10:00:00,1,139.1589,91.29,12703.82,1102.6,13806.42
961,385,2026-07-04T10:00:00,1,45.0218,83.85,3775.08,549.67,4324.75
962,386,2026-07-08T10:00:00,1,6.0161,6600.07,39706.68,2618.87,42325.55
963,386,2026-01-30T10:00:00,1,6.0161,6634.79,39915.56,2640.09,42555.65
964,386,2026-05-17T10:00:00,1,6.0161,6546.67,39385.42,2427.39,41812.81
965,386,2026-02-06T10:00:00,1,6.0161,6651.6,40016.69,2647.89,42664.58
966,387,2026-04-21T10:00:00,1,11.9529,7125.91,85175.29,4353.44,89528.73
967,388,2026-02-21T10:00:00,1,12.1851,7190.45,87616.35,130.08,87746.43
968,389,2026-04-08T10:00:00,1,19.9391,6560.28,130806.08,7603.44,138409.52
969,389,2026-05-08T10:00:00,1,19.9391,6579.3,131185.32,8550.35,139735.67
970,389,2026-04-02T10:00:00,1,19.9391,6607.97,131756.97,8521.2,140278.17
971,389,2026-10-13T10:00:00,1,19.9391,6673.16,133056.8,8161.34,141218.14
972,390,2025-12-11T10:00:00,1,16.3828,6600.0,108126.48,6368.46,114494.94
973,391,2026-08-07T10:00:00,1,39.395,84.06,3311.54,219.6,3531.14
974,391,2026-03-27T10:00:00,1,39.395,92.51,3644.43,214.26,3858.69
975,391,2026-10-09T10:00:00,1,39.395,84.58,3332.03,191.16,3523.19
976,391,2026-06-22T10:00:00,1,39.395,91.89,3620.01,206.28,3826.29
977,392,2026-06-30T10:00:00,1,61.6451,91.92,5666.42,829.06,6495.48
978,392,2026-10-09T10:00:00,1,61.6451,84.58,5213.94,848.81,6062.75
979,392,2026-06-16T10:00:00,1,61.6451,91.96,5668.88,816.27,6485.15
980,392,2026-07-31T10:00:00,1,61.6451,84.0,5178.19,798.37,5976.56
981,393,2026-06-15T10:00:00,1,5.8217,6507.53,37884.89,2704.97,40589.86
982,393,2026-10-16T10:00:00,1,5.8217,6668.01,38819.15,2655.62,41474.77
983,393,2026-07-12T10:00:00,1,5.8217,6573.16,38266.97,2828.59,41095.56
984,393,2026-05-11T10:00:00,1,5.8217,6556.83,38171.9,2509.74,40681.64
985,394,2026-08-18T10:00:00,1,16.5177,6636.29,109616.25,7142.58,116758.83
986,394,2026-01-01T10:00:00,1,16.5177,6634.94,109593.95,6702.88,116296.83
987,394,2026-05-26T10:00:00,1,16.5177,6585.82,108782.6,6457.05,115239.65
988,394,2026-09-23T10:00:00,1,16.5177,6649.78,109839.07,5589.59,115428.66
989,395,2026-01-04T10:00:00,1,3.4824,7186.46,25026.13,2291.66,27317.79
990,395,2026-04-24T10:00:00,1,3.4824,7144.23,24879.07,2229.13,27108.2
991,395,2026-06-11T10:00:00,1,3.4824,7041.68,24521.95,2087.9,26609.85
992,396,2026-10-11T10:00:00,1,24.6006,84.45,2077.52,123.42,2200.94
993,396,2026-10-20T10:00:00,1,24.6006,84.43,2077.03,138.72,2215.75
994,396,2026-03-21T10:00:00,1,24.6006,92.53,2276.29,108.03,2384.32
995,397,2026-07-02T10:00:00,1,7.6603,6599.66,50555.38,2748.0,53303.38
996,397,2026-05-16T10:00:00,1,7.6603,6532.35,50039.76,2941.94,52981.7
997,397,2026-10-26T10:00:00,1,7.6603,6675.04,51132.81,2834.18,53966.99
998,397,2026-05-12T10:00:00,1,7.6603,6545.77,50142.56,3350.07,53492.63
999,398,2026-10-20T10:00:00,1,7.997,7203.05,57602.79,77.57,57680.36
1000,399,2026-02-09T10:00:00,1,14.9726,7188.38,107628.74,5112.6,112741.34
1001,399,2026-09-05T10:00:00,1,14.9726,7213.93,108011.29,4321.07,112332.36
1002,400,2026-11-01T10:00:00,1,27.1971,85.33,2320.73,283.58,2604.31
1003,401,2026-10-23T10:00:00,1,6.8381,6658.66,45532.58,2638.04,48170.62
1004,402,2026-06-21T10:00:00,1,3.1346,6536.92,20490.63,1196.64,21687.27
1005,403,2026-08-02T10:00:00,1,49.0885,84.05,4125.89,554.25,4680.14
1006,403,2026-03-03T10:00:00,1,49.0885,92.35,4533.32,545.34,5078.66
1007,403,2026-04-27T10:00:00,1,49.0885,91.75,4503.87,527.36,5031.23
1008,403,2026-11-05T10:00:00,1,49.0885,85.48,4196.08,554.01,4750.09
1009,404,2026-01-28T10:00:00,1,42.524,6652.97,282910.9,16814.1,299725.0
1010,404,2026-01-22T10:00:00,1,42.524,6677.02,283933.6,16891.97,300825.57
1011,404,2026-10-17T10:00:00,1,42.524,6653.34,282926.63,15982.52,298909.15
1012,404,2026-09-15T10:00:00,1,42.524,6665.84,283458.18,18919.73,302377.91
1013,405,2026-01-26T10:00:00,1,69.8843,92.38,6455.91,882.3,7338.21
1014,405,2026-07-21T10:00:00,1,69.8843,83.92,5864.69,957.12,6821.81
1015,406,2026-04-24T10:00:00,1,17.4692,7144.23,124803.98,171.12,124975.1
1016,407,2026-03-17T10:00:00,1,9.1757,6653.59,61051.35,2857.13,63908.48
1017,407,2026-02-12T10:00:00,1,9.1757,6680.09,61294.5,3188.23,64482.73
1018,407,2026-01-26T10:00:00,1,9.1757,6672.97,61229.17,3257.89,64487.06
1019,407,2026-05-15T10:00:00,1,9.1757,6575.39,60333.81,2811.74,63145.55
1020,408,2025-12-26T10:00:00,1,22.6886,7200.0,163357.92,12103.63,175461.55
1021,408,2026-03-11T10:00:00,1,22.6886,7216.26,163726.84,13535.25,177262.09
1022,408,2026-04-12T10:00:00,1,22.6886,7144.12,162090.08,13563.59,175653.67
1023,408,2026-11-30T10:00:00,1,22.6886,7185.65,163032.34,13904.47,176936.81
1024,409,2026-05-05T10:00:00,1,46.9191,92.36,4333.45,408.9,4742.35
1025,409,2026-08-09T10:00:00,1,46.9191,84.16,3948.71,444.33,4393.04
1026,410,2026-02-27T10:00:00,1,25.5672,91.36,2335.82,268.85,2604.67
1027,411,2026-07-07T10:00:00,1,13.1482,6600.59,86785.88,4392.45,91178.33
1028,411,2026-06-14T10:00:00,1,13.1482,6522.53,85759.53,4387.23,90146.76
1029,411,2026-01-13T10:00:00,1,13.1482,6669.63,87693.63,4974.18,92667.81
1030,411,2026-03-28T10:00:00,1,13.1482,6641.84,87328.24,5275.1,92603.34
1031,412,2026-11-16T10:00:00,1,3.3552,6636.83,22267.89,1349.41,23617.3
1032,412,2026-01-23T10:00:00,1,3.3552,6624.46,22226.39,1701.99,23928.38
1033,412,2026-04-30T10:00:00,1,3.3552,6588.91,22107.11,1373.81,23480.92
1034,412,2026-07-11T10:00:00,1,3.3552,6591.42,22115.53,1354.02,23469.55
1035,413,2026-02-27T10:00:00,1,9.2313,7206.58,66526.1,3166.33,69692.43
1036,414,2026-11-14T10:00:00,1,3.8752,7165.5,27767.75,3059.91,30827.66
1037,414,2026-05-28T10:00:00,1,3.8752,7091.78,27482.07,2316.92,29798.99
1038,415,2026-06-06T10:00:00,1,4.4374,7065.04,31350.41,3059.64,34410.05
1039,416,2026-06-19T10:00:00,1,5.6718,6487.21,36794.16,2070.67,38864.83
1040,417,2026-04-15T10:00:00,1,14.235,7123.97,101409.71,4618.64,106028.35
1041,417,2026-05-13T10:00:00,1,14.235,7098.82,101051.7,4621.89,105673.59
1042,418,2026-01-10T10:00:00,1,23.6409,7188.39,169940.01,13659.46,183599.47
1043,418,2026-09-27T10:00:00,1,23.6409,7225.69,170821.81,12241.89,183063.7
1044,419,2026-01-31T10:00:00,1,3.1838,6651.07,21175.68,1191.0,22366.68
1045,419,2026-11-13T10:00:00,1,3.1838,6657.25,21195.35,1186.14,22381.49
1046,420,2026-01-05T10:00:00,1,5.4005,7186.36,38809.94,3288.83,42098.77
1047,420,2026-05-19T10:00:00,1,5.4005,7081.75,38244.99,3965.19,42210.18
1048,420,2026-07-04T10:00:00,1,5.4005,7149.87,38612.87,4193.48,42806.35
1049,420,2026-01-10T10:00:00,1,5.4005,7188.39,38820.9,3545.02,42365.92
1050,421,2026-04-29T10:00:00,1,70.6148,91.62,6469.73,969.35,7439.08
1051,421,2026-09-18T10:00:00,1,70.6148,83.8,5917.52,968.54,6886.06
1052,421,2026-02-20T10:00:00,1,70.6148,91.33,6449.25,950.05,7399.3
1053,421,2026-09-06T10:00:00,1,70.6148,83.89,5923.88,940.62,6864.5
1054,422,2026-04-06T10:00:00,1,43.7528,91.49,4002.94,398.0,4400.94
1055,423,2026-10-15T10:00:00,1,46.576,84.36,3929.15,262.67,4191.82
1056,423,2026-01-12T10:00:00,1,46.576,92.42,4304.55,200.73,4505.28
1057,423,2026-09-29T10:00:00,1,46.576,83.78,3902.14,219.25,4121.39
1058,423,2026-09-08T10:00:00,1,46.576,83.67,3897.01,225.43,4122.44
1059,424,2026-01-10T10:00:00,1,17.9523,6661.73,119593.38,7193.38,126786.76
1060,424,2026-06-30T10:00:00,1,17.9523,6533.35,117288.66,7212.83,124501.49
1061,425,2026-05-01T10:00:00,1,11.6469,7076.29,82416.84,4281.58,86698.42
1062,425,2026-09-14T10:00:00,1,11.6469,7209.89,83972.87,3476.42,87449.29
1063,425,2026-02-01T10:00:00,1,11.6469,7194.97,83799.1,3867.66,87666.76
1064,426,2026-01-16T10:00:00,1,38.3169,92.32,3537.42,521.07,4058.49
1065,426,2026-05-24T10:00:00,1,38.3169,92.54,3545.85,421.95,3967.8
1066,426,2026-06-24T10:00:00,1,38.3169,92.14,3530.52,514.59,4045.11
1067,426,2026-03-12T10:00:00,1,38.3169,92.39,3540.1,402.94,3943.04
1068,427,2026-09-24T10:00:00,1,60.6339,83.89,5086.58,828.15,5914.73
1069,427,2026-11-10T10:00:00,1,60.6339,85.35,5175.1,808.96,5984.06
1070,427,2026-04-27T10:00:00,1,60.6339,91.75,5563.16,709.56,6272.72
1071,427,2026-10-21T10:00:00,1,60.6339,84.47,5121.75,651.81,5773.56
1072,428,2026-11-06T10:00:00,1,2.987,7167.73,21410.01,1842.11,23252.12
1073,428,2026-10-05T10:00:00,1,2.987,7219.21,21563.78,1727.07,23290.85
1074,428,2026-12-01T10:00:00,1,2.987,7278.58,21741.12,1731.03,23472.15
1075,429,2026-03-12T10:00:00,1,11.4674,7221.26,82809.08,3459.3,86268.38
1076,429,2026-09-26T10:00:00,1,11.4674,7225.42,82856.78,4120.44,86977.22
1077,430,2026-03-16T10:00:00,1,7.8341,6680.11,52332.65,3280.51,55613.16
1078,430,2026-10-17T10:00:00,1,7.8341,6653.34,52122.93,3525.76,55648.69
1079,430,2026-06-12T10:00:00,1,7.8341,6502.83,50943.82,2727.35,53671.17
1080,430,2026-09-30T10:00:00,1,7.8341,6668.59,52242.4,3555.37,55797.77
1081,431,2025-08-17T10:00:00,1,14.954,7200.0,107668.8,8481.42,116150.22
1082,432,2026-01-16T10:00:00,1,12.1559,7192.3,87428.88,7874.33,95303.21
1083,432,2026-07-31T10:00:00,1,12.1559,7139.63,86788.63,8302.67,95091.3
1084,433,2026-08-15T10:00:00,1,2.1387,7155.45,15303.36,1492.59,16795.95
1085,433,2026-11-23T10:00:00,1,2.1387,7190.98,15379.35,1570.84,16950.19
1086,433,2026-05-21T10:00:00,1,2.1387,7097.54,15179.51,1245.0,16424.51
1087,434,2026-02-24T10:00:00,1,133.699,91.37,12216.08,951.36,13167.44
1088,434,2026-01-14T10:00:00,1,133.699,92.23,12331.06,1153.81,13484.87
1089,435,2026-11-07T10:00:00,1,21.1293,7184.48,151803.03,12932.56,164735.59
1090,435,2026-04-29T10:00:00,1,21.1293,7140.35,150870.6,13044.07,163914.67
1091,435,2026-04-29T10:00:00,1,21.1293,7140.35,150870.6,13390.23,164260.83
1092,436,2026-02-10T10:00:00,1,2.5687,7206.4,18511.08,1763.89,20274.97
1093,436,2026-09-02T10:00:00,1,2.5687,7215.13,18533.5,1486.37,20019.87
1094,436,2026-11-06T10:00:00,1,2.5687,7167.73,18411.75,1654.01,20065.76
1095,437,2026-04-05T10:00:00,1,4.6132,7131.65,32899.73,3570.37,36470.1
1096,437,2026-09-09T10:00:00,1,4.6132,7230.09,33353.85,3203.9,36557.75
1097,437,2026-03-25T10:00:00,1,4.6132,7206.87,33246.73,2932.08,36178.81
1098,438,2026-07-29T10:00:00,1,3.7537,6617.7,24840.86,1620.64,26461.5
1099,439,2026-05-19T10:00:00,1,5.9325,6556.42,38895.96,3030.18,41926.14
1100,440,2026-04-14T10:00:00,1,4.4772,6599.71,29548.22,1929.37,31477.59
1101,440,2026-02-03T10:00:00,1,4.4772,6668.43,29855.89,1617.39,31473.28
1102,441,2026-11-12T10:00:00,1,5.6742,6604.12,37473.1,2545.69,40018.79
1103,441,2026-06-16T10:00:00,1,5.6742,6504.38,36907.15,2834.35,39741.5
1104,441,2026-05-07T10:00:00,1,5.6742,6540.88,37114.26,2497.9,39612.16
1105,441,2026-01-22T10:00:00,1,5.6742,6677.02,37886.75,2636.07,40522.82
1106,442,2026-06-10T10:00:00,1,22.5468,7047.08,158889.1,13098.5,171987.6
1107,442,2026-10-20T10:00:00,1,22.5468,7203.05,162405.73,13908.78,176314.51
1108,442,2026-09-26T10:00:00,1,22.5468,7225.42,162910.1,14101.92,177012.02
1109,442,2026-01-20T10:00:00,1,22.5468,7206.6,162485.77,13611.88,176097.65
1110,443,2026-08-22T10:00:00,1,15.7014,7150.1,112266.58,10345.05,122611.63
1111,443,2026-01-22T10:00:00,1,15.7014,7205.32,113133.61,10488.54,123622.15
1112,443,2026-05-06T10:00:00,1,15.7014,7087.82,111288.7,9473.7,120762.4
1113,443,2026-07-22T10:00:00,1,15.7014,7145.68,112197.18,10788.27,122985.45
1114,444,2026-10-13T10:00:00,1,21.3326,6673.16,142355.85,7214.19,149570.04
1115,445,2026-04-08T10:00:00,1,56.0557,91.72,5141.43,630.53,5771.96
1116,446,2026-06-05T10:00:00,1,15.9701,7066.39,112850.95,10368.78,123219.73
1117,446,2026-05-27T10:00:00,1,15.9701,7096.64,113334.05,9470.95,122805.0
1118,446,2026-08-05T10:00:00,1,15.9701,7164.22,114413.31,8991.1,123404.41
1119,446,2026-01-28T10:00:00,1,15.9701,7193.17,114875.64,10128.1,125003.74
1120,447,2026-08-26T10:00:00,1,35.9406,6630.96,238320.68,16588.98,254909.66
1121,447,2026-08-20T10:00:00,1,35.9406,6600.49,237225.57,13240.36,250465.93
1122,448,2026-04-03T10:00:00,1,1.8774,7137.66,13400.24,1322.35,14722.59
1123,449,2026-07-21T10:00:00,1,12.1078,7137.76,86422.57,3774.02,90196.59
1124,449,2026-08-19T10:00:00,1,12.1078,7140.54,86456.23,3322.28,89778.51
1125,450,2026-10-30T10:00:00,1,10.9034,84.42,920.47,61.0,981.47
1126,450,2026-04-14T10:00:00,1,10.9034,91.62,998.97,60.77,1059.74
1127,450,2026-02-16T10:00:00,1,10.9034,91.38,996.35,50.43,1046.78
1128,450,2026-11-29T10:00:00,1,10.9034,85.17,928.64,61.18,989.82
1129,451,2026-03-05T10:00:00,1,13.8323,6670.74,92271.68,4247.55,96519.23
1130,451,2026-08-19T10:00:00,1,13.8323,6590.88,91167.03,5036.03,96203.06
1131,452,2026-09-26T10:00:00,1,17.8714,6672.61,119248.88,7972.74,127221.62
1132,453,2026-07-13T10:00:00,1,24.0131,7130.8,171232.61,14625.47,185858.08
1133,453,2026-01-23T10:00:00,1,24.0131,7192.2,172707.02,15567.38,188274.4
1134,454,2026-10-17T10:00:00,1,40.6398,84.42,3430.81,451.67,3882.48
1135,454,2026-03-18T10:00:00,1,40.6398,92.27,3749.83,365.2,4115.03
1136,454,2026-03-16T10:00:00,1,40.6398,92.24,3748.62,367.25,4115.87
1137,455,2026-08-03T10:00:00,1,21.0382,6604.56,138948.05,7534.18,146482.23
1138,456,2026-05-28T10:00:00,1,2.4701,7091.78,17517.41,1666.47,19183.88
1139,456,2026-03-02T10:00:00,1,2.4701,7205.26,17797.71,1797.53,19595.24
1140,456,2026-04-14T10:00:00,1,2.4701,7144.79,17648.35,1366.43,19014.78
1141,456,2026-05-10T10:00:00,1,2.4701,7084.38,17499.13,1370.61,18869.74
1142,457,2026-09-13T10:00:00,1,28.4822,83.8,2386.81,144.27,2531.08
1143,457,2026-01-03T10:00:00,1,28.4822,92.37,2630.9,147.02,2777.92
1144,457,2026-09-10T10:00:00,1,28.4822,83.82,2387.38,131.21,2518.59
1145,457,2026-10-29T10:00:00,1,28.4822,84.58,2409.02,149.22,2558.24
1146,458,2026-07-29T10:00:00,1,5.2364,6617.7,34652.92,2315.29,36968.21
1147,458,2026-11-04T10:00:00,1,5.2364,6649.72,34820.59,2427.14,37247.73
1148,458,2026-05-06T10:00:00,1,5.2364,6547.29,34284.23,2626.54,36910.77
1149,458,2026-05-23T10:00:00,1,5.2364,6532.53,34206.94,2441.04,36647.98
1150,459,2026-01-26T10:00:00,1,6.8639,7196.99,49399.42,1988.78,51388.2
1151,459,2026-01-29T10:00:00,1,6.8639,7197.1,49400.17,2297.45,51697.62
1152,460,2026-03-16T10:00:00,1,20.4061,7208.15,147090.23,13543.31,160633.54
1153,461,2026-06-19T10:00:00,1,4.6784,7043.17,32950.77,3687.89,36638.66
1154,461,2026-01-26T10:00:00,1,4.6784,7196.99,33670.4,2890.63,36561.03
1155,461,2026-04-02T10:00:00,1,4.6784,7136.82,33388.9,2942.15,36331.05
1156,462,2026-11-09T10:00:00,1,52.4788,85.3,4476.44,660.15,5136.59
1157,462,2026-11-01T10:00:00,1,52.4788,85.33,4478.02,643.4,5121.42
1158,462,2026-10-15T10:00:00,1,52.4788,84.36,4427.11,568.8,4995.91
1159,463,2026-10-24T10:00:00,1,4.2011,7217.09,30319.72,2817.42,33137.14
1160,463,2026-01-19T10:00:00,1,4.2011,7204.26,30265.82,2581.81,32847.63
1161,463,2026-06-03T10:00:00,1,4.2011,7042.67,29586.96,2784.46,32371.42
1162,463,2026-07-14T10:00:00,1,4.2011,7135.33,29976.23,3223.32,33199.55
1163,464,2026-10-09T10:00:00,1,13.6974,7210.11,98759.76,7145.75,105905.51
1164,464,2026-08-30T10:00:00,1,13.6974,7138.4,97777.52,7317.4,105094.92
1165,464,2026-05-21T10:00:00,1,13.6974,7097.54,97217.84,7797.35,105015.19
1166,464,2026-07-31T10:00:00,1,13.6974,7139.63,97794.37,8279.21,106073.58
1167,465,2026-11-10T10:00:00,1,6.5188,6648.03,43337.18,2261.91,45599.09
1168,465,2026-10-20T10:00:00,1,6.5188,6652.03,43363.25,2787.23,46150.48
1169,466,2026-09-05T10:00:00,1,4.9899,7213.93,35996.79,3727.73,39724.52
1170,467,2026-08-07T10:00:00,1,3.5951,7150.74,25707.63,2413.12,28120.75
1171,467,2026-06-12T10:00:00,1,3.5951,7052.27,25353.62,2168.33,27521.95
1172,467,2026-10-22T10:00:00,1,3.5951,7225.94,25977.98,2683.85,28661.83
1173,468,2026-03-08T10:00:00,1,25.5173,6654.93,169815.85,11084.73,180900.58
1174,468,2026-09-12T10:00:00,1,25.5173,6649.92,169688.0,10780.62,180468.62
1175,468,2026-11-20T10:00:00,1,25.5173,6621.52,168963.31,10710.0,179673.31
1176,469,2026-11-09T10:00:00,1,3.5698,6623.9,23646.0,1313.42,24959.42
1177,469,2026-05-29T10:00:00,1,3.5698,6541.85,23353.1,1633.22,24986.32
1178,470,2026-03-02T10:00:00,1,11.707,7205.26,84351.98,3211.26,87563.24
1179,471,2026-04-17T10:00:00,1,4.1632,6593.74,27451.06,2041.8,29492.86
1180,472,2026-07-31T10:00:00,1,13.3279,6618.3,88208.04,4028.71,92236.75
1181,472,2026-06-29T10:00:00,1,13.3279,6530.13,87032.92,4749.31,91782.23
1182,472,2026-11-23T10:00:00,1,13.3279,6664.5,88823.79,4262.2,93085.99
1183,472,2026-11-24T10:00:00,1,13.3279,6641.98,88523.65,4246.6,92770.25
1184,473,2026-05-11T10:00:00,1,4.9432,6556.83,32411.72,2149.42,34561.14
1185,473,2026-06-07T10:00:00,1,4.9432,6501.87,32140.04,1858.81,33998.85
1186,473,2026-10-09T10:00:00,1,4.9432,6673.97,32990.77,1872.83,34863.6
1187,474,2026-02-28T10:00:00,1,2.6939,7186.77,19360.44,1848.66,21209.1
1188,475,2026-07-22T10:00:00,1,4.7599,6593.75,31385.59,2032.13,33417.72
1189,475,2026-11-12T10:00:00,1,4.7599,6604.12,31434.95,2166.77,33601.72
1190,475,2026-03-31T10:00:00,1,4.7599,6665.27,31726.02,1729.19,33455.21
1191,476,2026-09-03T10:00:00,1,15.7836,6677.71,105398.3,6213.96,111612.26
1192,476,2026-01-19T10:00:00,1,15.7836,6664.36,105187.59,5765.65,110953.24
1193,476,2026-09-04T10:00:00,1,15.7836,6690.86,105605.86,4953.14,110559.0
1194,477,2026-10-02T10:00:00,1,13.4506,6671.12,89730.57,5718.33,95448.9
1195,477,2026-08-25T10:00:00,1,13.4506,6621.82,89067.45,5546.69,94614.14
1196,477,2026-07-31T10:00:00,1,13.4506,6618.3,89020.11,5767.19,94787.3
1197,477,2026-01-29T10:00:00,1,13.4506,6638.31,89289.25,5625.07,94914.32
1198,478,2026-10-17T10:00:00,1,4.5452,7216.85,32802.03,3396.37,36198.4
1199,478,2026-06-11T10:00:00,1,4.5452,7041.68,32005.84,3234.31,35240.15
1200,478,2026-01-10T10:00:00,1,4.5452,7188.39,32672.67,2903.18,35575.85
1201,479,2026-07-01T10:00:00,1,24.1015,7142.76,172151.23,12579.02,184730.25
1202,479,2026-03-18T10:00:00,1,24.1015,7210.81,173791.34,13508.48,187299.82
1203,479,2026-01-16T10:00:00,1,24.1015,7192.3,173345.22,13763.1,187108.32
1204,480,2026-11-17T10:00:00,1,23.4422,6643.63,155741.3,8999.63,164740.93
1205,480,2026-03-26T10:00:00,1,23.4422,6636.78,155580.72,9097.73,164678.45
1206,480,2026-07-19T10:00:00,1,23.4422,6602.2,154770.09,8072.58,162842.67
1207,480,2026-03-01T10:00:00,1,23.4422,6691.19,156856.21,9882.38,166738.59
1208,481,2026-06-11T10:00:00,1,9.6978,7041.68,68288.8,103.08,68391.88
1209,481,2026-05-20T10:00:00,1,9.6978,7083.16,68691.07,94.47,68785.54
1210,481,2026-09-12T10:00:00,1,9.6978,7215.32,69972.73,107.95,70080.68
1211,482,2026-08-20T10:00:00,1,14.7715,6600.49,97499.14,6167.96,103667.1
1212,482,2026-06-04T10:00:00,1,14.7715,6505.22,96091.86,5135.16,101227.02
1213,482,2026-06-04T10:00:00,1,14.7715,6505.22,96091.86,5065.91,101157.77
1214,483,2026-01-20T10:00:00,1,9.9881,6644.22,66363.13,3787.17,70150.3
1215,483,2026-02-17T10:00:00,1,9.9881,6659.5,66515.75,3436.87,69952.62
1216,483,2026-01-13T10:00:00,1,9.9881,6669.63,66616.93,3809.44,70426.37
1217,484,2026-04-08T10:00:00,1,8.7331,7119.84,62178.27,2660.55,64838.82
1218,484,2026-09-05T10:00:00,1,8.7331,7213.93,62999.97,2989.47,65989.44
1219,485,2026-06-17T10:00:00,1,12.8272,6530.63,83769.7,4352.73,88122.43
1220,485,2026-02-20T10:00:00,1,12.8272,6652.76,85336.28,5345.4,90681.68
1221,485,2026-09-22T10:00:00,1,12.8272,6673.61,85603.73,5132.75,90736.48
1222,486,2026-04-16T10:00:00,1,25.5385,91.72,2342.39,136.3,2478.69
1223,486,2026-08-24T10:00:00,1,25.5385,84.24,2151.36,123.39,2274.75
1224,487,2026-01-03T10:00:00,1,139.4639,92.37,12882.28,1052.44,13934.72
1225,488,2026-11-01T10:00:00,1,4.4681,6607.94,29524.94,2234.96,31759.9
1226,489,2026-08-28T10:00:00,1,9.8667,7154.42,70590.52,3525.98,74116.5
1227,489,2026-02-22T10:00:00,1,9.8667,7190.61,70947.59,3176.84,74124.43
1228,489,2026-06-09T10:00:00,1,9.8667,7061.95,69678.14,2705.04,72383.18
1229,490,2026-11-24T10:00:00,1,5.6869,6641.98,37772.28,2542.36,40314.64
1230,490,2026-06-14T10:00:00,1,5.6869,6522.53,37092.98,2070.41,39163.39
1231,490,2026-05-27T10:00:00,1,5.6869,6560.49,37308.85,2122.34,39431.19
1232,491,2026-08-14T10:00:00,1,28.3832,6624.83,188033.87,11339.32,199373.19
1233,491,2026-05-20T10:00:00,1,28.3832,6555.7,186071.74,9650.93,195722.67
1234,491,2026-05-21T10:00:00,1,28.3832,6574.58,186607.62,9538.13,196145.75
1235,492,2026-04-16T10:00:00,1,5.5826,7147.42,39901.19,3957.68,43858.87
1236,493,2026-05-19T10:00:00,1,3.8343,6556.42,25139.28,1368.79,26508.07
1237,493,2026-05-26T10:00:00,1,3.8343,6585.82,25252.01,1567.81,26819.82
1238,493,2026-03-29T10:00:00,1,3.8343,6673.36,25587.66,1336.44,26924.1
1239,494,2026-10-04T10:00:00,1,3.4802,6653.41,23155.2,1539.61,24694.81
1240,494,2026-03-08T10:00:00,1,3.4802,6654.93,23160.49,1344.8,24505.29
1241,494,2026-01-26T10:00:00,1,3.4802,6672.97,23223.27,1380.94,24604.21
1242,495,2026-02-14T10:00:00,1,22.3137,6641.88,148204.92,7637.51,155842.43
1243,496,2026-11-02T10:00:00,1,11.1941,7191.58,80503.27,4002.59,84505.86
1244,496,2026-11-19T10:00:00,1,11.1941,7190.84,80494.98,3943.38,84438.36
1245,497,2026-11-12T10:00:00,1,3.6197,7170.4,25954.7,2250.9,28205.6
1246,497,2026-06-20T10:00:00,1,3.6197,7069.08,25587.95,2576.87,28164.82
1247,497,2026-10-01T10:00:00,1,3.6197,7201.76,26068.21,2055.32,28123.53
1248,497,2026-08-27T10:00:00,1,3.6197,7136.94,25833.58,2400.65,28234.23
1249,498,2026-08-28T10:00:00,1,29.3844,83.97,2467.41,129.17,2596.58
1250,499,2026-11-26T10:00:00,1,13.2935,7167.19,95277.04,8479.11,103756.15
1251,499,2026-08-27T10:00:00,1,13.2935,7136.94,94874.91,7905.62,102780.53
1252,499,2026-04-25T10:00:00,1,13.2935,7137.87,94887.27,7123.59,102010.86
1253,500,2026-07-06T10:00:00,1,31.1716,6602.1,205798.02,12668.19,218466.21
1254,500,2026-06-19T10:00:00,1,31.1716,6487.21,202216.72,14226.29,216443.01
1255,500,2026-06-16T10:00:00,1,31.1716,6504.38,202751.93,12908.59,215660.52
